,model,pre_len,mse,mae,r2,precipitationIntensity,temperature,humidity,weatherCode
2021-07-09 09:40:00,,,,,,0.0,19.01666667,72.33333333,Mostly Sunny
2021-07-09 09:45:00,,,,,,0.0,19.37,71.0,Mostly Sunny
2021-07-09 09:50:00,,,,,,0.0,19.37,71.0,Mostly Sunny
2021-07-09 09:55:00,,,,,,0.0,19.37,71.0,Mostly Sunny
2021-07-09 10:00:00,,,,,,0.0,19.37,71.0,Mostly Sunny
2021-07-09 10:05:00,,,,,,0.0,19.37,71.0,Mostly Sunny
2021-07-09 10:10:00,,,,,,0.0,19.37,71.0,Mostly Sunny
2021-07-09 10:15:00,,,,,,0.0,19.37,71.0,Mostly Sunny
2021-07-09 10:20:00,,,,,,0.0,19.37,71.0,Mostly Sunny
2021-07-09 10:25:00,,,,,,0.0,19.37,71.0,Mostly Sunny
2021-07-09 10:30:00,,,,,,0.0,19.37,71.0,Mostly Sunny
2021-07-09 10:35:00,,,,,,0.0,19.37,71.0,Mostly Sunny
2021-07-09 10:40:00,,,,,,0.0,19.37,71.0,Mostly Sunny
2021-07-09 10:45:00,,,,,,0.0,19.37,71.0,Mostly Sunny
2021-07-09 10:50:00,,,,,,0.0,19.58,70.0,Mostly Sunny
2021-07-09 10:55:00,,,,,,0.0,19.79,69.0,Mostly Sunny
2021-07-09 11:00:00,,,,,,0.0,20.0,68.0,Partly Cloudy
2021-07-09 11:05:00,,,,,,0.0,20.0,68.0,Partly Cloudy
2021-07-09 11:10:00,,,,,,0.0,20.0,68.0,Partly Cloudy
2021-07-09 11:15:00,,,,,,0.0,20.0,68.0,Partly Cloudy
2021-07-09 11:20:00,,,,,,0.0,20.0,68.0,Partly Cloudy
2021-07-09 11:25:00,,,,,,0.0,20.0,68.0,Partly Cloudy
2021-07-09 11:30:00,,,,,,0.0,20.0,68.0,Partly Cloudy
2021-07-09 11:35:00,,,,,,0.0,20.12333333,67.33333333,Partly Cloudy
2021-07-09 11:40:00,,,,,,0.0,20.24666667,66.66666667,Partly Cloudy
2021-07-09 11:45:00,,,,,,0.0,20.37,66.0,Mostly Cloudy
2021-07-09 11:50:00,,,,,,0.0,20.37,66.0,Mostly Cloudy
2021-07-09 11:55:00,,,,,,0.0,20.37,66.0,Mostly Cloudy
2021-07-09 12:00:00,,,,,,0.0,20.37,66.0,Partly Cloudy
2021-07-09 12:05:00,,,,,,0.0,20.47333333,65.33333333,Partly Cloudy
2021-07-09 12:10:00,,,,,,0.0,20.57666667,64.66666667,Partly Cloudy
2021-07-09 12:15:00,,,,,,0.0,20.68,64.0,Partly Cloudy
2021-07-09 12:20:00,,,,,,0.0,20.68,64.0,Partly Cloudy
2021-07-09 12:25:00,,,,,,0.0,20.68,64.0,Partly Cloudy
2021-07-09 12:30:00,,,,,,0.0,20.68,64.0,Cloudy
2021-07-09 12:35:00,,,,,,0.0,20.68,62.66666667,Cloudy
2021-07-09 12:40:00,,,,,,0.0,20.68,61.33333333,Cloudy
2021-07-09 12:45:00,,,,,,0.0,20.68,60.0,Mostly Cloudy
2021-07-09 12:50:00,,,,,,0.0,20.68,60.0,Mostly Cloudy
2021-07-09 12:55:00,,,,,,0.0,20.68,60.0,Mostly Cloudy
2021-07-09 13:00:00,,,,,,0.0,20.68,60.0,Mostly Cloudy
2021-07-09 13:05:00,,,,,,0.0,20.68,60.0,Mostly Cloudy
2021-07-09 13:10:00,,,,,,0.0,20.68,60.0,Mostly Cloudy
2021-07-09 13:15:00,,,,,,0.0,20.68,60.0,Mostly Cloudy
2021-07-09 13:20:00,,,,,,0.0,20.68,60.0,Mostly Cloudy
2021-07-09 13:25:00,,,,,,0.0,20.68,60.0,Mostly Cloudy
2021-07-09 13:30:00,,,,,,0.0,20.68,60.0,Cloudy
2021-07-09 13:35:00,,,,,,0.0,20.72333333,59.33333333,Cloudy
2021-07-09 13:40:00,,,,,,0.0,20.76666667,58.66666667,Cloudy
2021-07-09 13:45:00,,,,,,0.0,20.81,58.0,Mostly Cloudy
2021-07-09 13:50:00,,,,,,0.0,20.81,58.0,Mostly Cloudy
2021-07-09 13:55:00,,,,,,0.0,20.81,58.0,Mostly Cloudy
2021-07-09 14:00:00,,,,,,0.0,20.81,58.0,Mostly Sunny
2021-07-09 14:05:00,,,,,,0.0,20.81,58.0,Mostly Sunny
2021-07-09 14:10:00,,,,,,0.0,20.81,58.0,Mostly Sunny
2021-07-09 14:15:00,,,,,,0.0,20.81,58.0,Partly Cloudy
2021-07-09 14:20:00,,,,,,0.0,20.81,58.0,Partly Cloudy
2021-07-09 14:25:00,,,,,,0.0,20.81,58.0,Partly Cloudy
2021-07-09 14:30:00,,,,,,0.0,20.81,58.0,Partly Cloudy
2021-07-09 14:35:00,,,,,,0.0,20.93333333,58.0,Partly Cloudy
2021-07-09 14:40:00,,,,,,0.0,21.05666667,58.0,Partly Cloudy
2021-07-09 14:45:00,,,,,,0.0,21.18,58.0,Partly Cloudy
2021-07-09 14:50:00,,,,,,0.0,21.18,58.0,Partly Cloudy
2021-07-09 14:55:00,,,,,,0.0,21.18,58.0,Partly Cloudy
2021-07-09 15:00:00,,,,,,0.0,21.18,58.0,Mostly Sunny
2021-07-09 15:05:00,,,,,,0.0,21.05666667,58.33333333,Mostly Sunny
2021-07-09 15:10:00,,,,,,0.0,20.93333333,58.66666667,Mostly Sunny
2021-07-09 15:15:00,,,,,,0.0,20.81,59.0,Mostly Sunny
2021-07-09 15:20:00,,,,,,0.0,20.81,59.0,Mostly Sunny
2021-07-09 15:25:00,,,,,,0.0,20.81,59.0,Mostly Sunny
2021-07-09 15:30:00,,,,,,0.0,20.81,59.0,Mostly Sunny
2021-07-09 15:35:00,,,,,,0.0,20.81,59.0,Mostly Sunny
2021-07-09 15:40:00,,,,,,0.0,20.81,59.0,Mostly Sunny
2021-07-09 15:45:00,,,,,,0.0,20.81,59.0,Mostly Sunny
2021-07-09 15:50:00,,,,,,0.0,20.87333333,57.66666667,Mostly Sunny
2021-07-09 15:55:00,,,,,,0.0,20.93666667,56.33333333,Mostly Sunny
2021-07-09 16:00:00,,,,,,0.0,21.0,55.0,Mostly Sunny
2021-07-09 16:05:00,,,,,,0.0,21.0,55.0,Mostly Sunny
2021-07-09 16:10:00,,,,,,0.0,21.0,55.0,Mostly Sunny
2021-07-09 16:15:00,,,,,,0.0,21.0,55.0,Mostly Sunny
2021-07-09 16:20:00,,,,,,0.0,21.0,55.0,Mostly Sunny
2021-07-09 16:25:00,,,,,,0.0,21.0,55.0,Mostly Sunny
2021-07-09 16:30:00,,,,,,0.0,21.0,55.0,Mostly Sunny
2021-07-09 16:35:00,,,,,,0.0,20.93666667,55.33333333,Mostly Sunny
2021-07-09 16:40:00,,,,,,0.0,20.87333333,55.66666667,Mostly Sunny
2021-07-09 16:45:00,,,,,,0.0,20.81,56.0,Mostly Sunny
2021-07-09 16:50:00,,,,,,0.0,20.81,56.0,Mostly Sunny
2021-07-09 16:55:00,,,,,,0.0,20.81,56.0,Mostly Sunny
2021-07-09 17:00:00,,,,,,0.0,20.81,56.0,Mostly Sunny
2021-07-09 17:05:00,,,,,,0.0,20.81,56.0,Mostly Sunny
2021-07-09 17:10:00,,,,,,0.0,20.81,56.0,Mostly Sunny
2021-07-09 17:15:00,,,,,,0.0,20.81,56.0,Partly Cloudy
2021-07-09 17:20:00,,,,,,0.0,20.76666667,56.0,Partly Cloudy
2021-07-09 17:25:00,,,,,,0.0,20.72333333,56.0,Partly Cloudy
2021-07-09 17:30:00,,,,,,0.0,20.68,56.0,Partly Cloudy
2021-07-09 17:35:00,,,,,,0.0,20.41,57.33333333,Partly Cloudy
2021-07-09 17:40:00,,,,,,0.0,20.14,58.66666667,Partly Cloudy
2021-07-09 17:45:00,,,,,,0.0,19.87,60.0,Mostly Sunny
2021-07-09 17:50:00,,,,,,0.0,19.87,60.0,Mostly Sunny
2021-07-09 17:55:00,,,,,,0.0,19.87,60.0,Mostly Sunny
2021-07-09 18:00:00,,,,,,0.0,19.87,60.0,Cloudy
2021-07-09 18:05:00,,,,,,0.0,19.87,60.0,Cloudy
2021-07-09 18:10:00,,,,,,0.0,19.87,60.0,Cloudy
2021-07-09 18:15:00,,,,,,0.0,19.87,60.0,Cloudy
2021-07-09 18:20:00,,,,,,0.0,19.80666667,60.0,Cloudy
2021-07-09 18:25:00,,,,,,0.0,19.74333333,60.0,Cloudy
2021-07-09 18:30:00,,,,,,0.0,19.68,60.0,Cloudy
2021-07-09 18:35:00,,,,,,0.0,19.28666667,62.33333333,Cloudy
2021-07-09 18:40:00,,,,,,0.0,18.89333333,64.66666667,Cloudy
2021-07-09 18:45:00,,,,,,0.0,18.5,67.0,Cloudy
2021-07-09 18:50:00,,,,,,0.0,18.5,67.0,Cloudy
2021-07-09 18:55:00,,,,,,0.0,18.5,67.0,Cloudy
2021-07-09 19:00:00,,,,,,0.0,18.5,67.0,Cloudy
2021-07-09 19:05:00,,,,,,0.0,18.5,67.0,Cloudy
2021-07-09 19:10:00,,,,,,0.0,18.5,67.0,Cloudy
2021-07-09 19:15:00,,,,,,0.0,18.5,67.0,Cloudy
2021-07-09 19:20:00,,,,,,0.0,18.5,67.0,Cloudy
2021-07-09 19:25:00,,,,,,0.0,18.5,67.0,Cloudy
2021-07-09 19:30:00,,,,,,0.0,18.5,67.0,Partly Cloudy
2021-07-09 19:35:00,,,,,,0.0,18.04,69.33333333,Partly Cloudy
2021-07-09 19:40:00,,,,,,0.0,17.58,71.66666667,Partly Cloudy
2021-07-09 19:45:00,,,,,,0.0,17.12,74.0,Mostly Cloudy
2021-07-09 19:50:00,,,,,,0.0,17.12,74.0,Mostly Cloudy
2021-07-09 19:55:00,,,,,,0.0,17.12,74.0,Mostly Cloudy
2021-07-09 20:00:00,,,,,,0.0,17.12,74.0,Cloudy
2021-07-09 20:05:00,,,,,,0.0,17.12,74.0,Cloudy
2021-07-09 20:10:00,,,,,,0.0,17.12,74.0,Cloudy
2021-07-09 20:15:00,,,,,,0.0,17.12,74.0,Cloudy
2021-07-09 20:20:00,,,,,,0.0,17.12,74.0,Cloudy
2021-07-09 20:25:00,,,,,,0.0,17.12,74.0,Cloudy
2021-07-09 20:30:00,,,,,,0.0,17.12,74.0,Cloudy
2021-07-09 20:35:00,,,,,,0.0,16.78666667,76.0,Cloudy
2021-07-09 20:40:00,,,,,,0.0,16.45333333,78.0,Cloudy
2021-07-09 20:45:00,,,,,,0.0,16.12,80.0,Partly Cloudy
2021-07-09 20:50:00,,,,,,0.0,16.12,80.0,Partly Cloudy
2021-07-09 20:55:00,,,,,,0.0,16.12,80.0,Partly Cloudy
2021-07-09 21:00:00,,,,,,0.0,16.12,80.0,Mostly Sunny
2021-07-09 21:05:00,,,,,,0.0,16.08,80.0,Mostly Sunny
2021-07-09 21:10:00,,,,,,0.0,16.04,80.0,Mostly Sunny
2021-07-09 21:15:00,,,,,,0.0,16.0,80.0,Cloudy
2021-07-09 21:20:00,,,,,,0.0,16.0,80.0,Cloudy
2021-07-09 21:25:00,,,,,,0.0,16.0,80.0,Cloudy
2021-07-09 21:30:00,,,,,,0.0,16.0,80.0,Cloudy
2021-07-09 21:35:00,,,,,,0.0,16.0,80.0,Cloudy
2021-07-09 21:40:00,,,,,,0.0,16.0,80.0,Cloudy
2021-07-09 21:45:00,,,,,,0.0,16.0,80.0,Cloudy
2021-07-09 21:50:00,,,,,,0.0,15.72666667,81.33333333,Cloudy
2021-07-09 21:55:00,,,,,,0.0,15.45333333,82.66666667,Cloudy
2021-07-09 22:00:00,,,,,,0.0,15.18,84.0,Cloudy
2021-07-09 22:05:00,,,,,,0.0,15.18,84.0,Cloudy
2021-07-09 22:10:00,,,,,,0.0,15.18,84.0,Cloudy
2021-07-09 22:15:00,,,,,,0.0,15.18,84.0,Cloudy
2021-07-09 22:20:00,,,,,,0.0,15.18,84.0,Cloudy
2021-07-09 22:25:00,,,,,,0.0,15.18,84.0,Cloudy
2021-07-09 22:30:00,,,,,,0.0,15.18,84.0,Cloudy
2021-07-09 22:35:00,,,,,,0.0,15.18,84.0,Cloudy
2021-07-09 22:40:00,,,,,,0.0,15.18,84.0,Cloudy
2021-07-09 22:45:00,,,,,,0.0,15.18,84.0,Cloudy
2021-07-09 22:50:00,,,,,,0.0,14.95333333,85.0,Cloudy
2021-07-09 22:55:00,,,,,,0.0,14.72666667,86.0,Cloudy
2021-07-09 23:00:00,,,,,,0.0,14.5,87.0,Cloudy
2021-07-09 23:05:00,,,,,,0.0,14.5,87.0,Cloudy
2021-07-09 23:10:00,,,,,,0.0,14.5,87.0,Cloudy
2021-07-09 23:15:00,,,,,,0.0,14.5,87.0,Partly Cloudy
2021-07-09 23:20:00,,,,,,0.0,14.5,87.0,Partly Cloudy
2021-07-09 23:25:00,,,,,,0.0,14.5,87.0,Partly Cloudy
2021-07-09 23:30:00,,,,,,0.0,14.5,87.0,Partly Cloudy
2021-07-09 23:35:00,,,,,,0.0,14.22666667,87.66666667,Partly Cloudy
2021-07-09 23:40:00,,,,,,0.0,13.95333333,88.33333333,Partly Cloudy
2021-07-09 23:45:00,,,,,,0.0,13.68,89.0,Cloudy
2021-07-09 23:50:00,,,,,,0.0,13.68,89.0,Cloudy
2021-07-09 23:55:00,,,,,,0.0,13.68,89.0,Cloudy
2021-07-10 00:00:00,,,,,,0.0,13.68,89.0,Cloudy
2021-07-10 00:05:00,,,,,,0.0,13.68,89.0,Cloudy
2021-07-10 00:10:00,,,,,,0.0,13.68,89.0,Cloudy
2021-07-10 00:15:00,,,,,,0.0,13.68,89.0,Cloudy
2021-07-10 00:20:00,,,,,,0.0,13.72333333,88.66666667,Cloudy
2021-07-10 00:25:00,,,,,,0.0,13.76666667,88.33333333,Cloudy
2021-07-10 00:30:00,,,,,,0.0,13.81,88.0,Cloudy
2021-07-10 00:35:00,,,,,,0.0,13.81,88.0,Cloudy
2021-07-10 00:40:00,,,,,,0.0,13.81,88.0,Cloudy
2021-07-10 00:45:00,,,,,,0.0,13.81,88.0,Cloudy
2021-07-10 00:50:00,,,,,,0.0,13.66333333,88.33333333,Cloudy
2021-07-10 00:55:00,,,,,,0.0,13.51666667,88.66666667,Cloudy
2021-07-10 01:00:00,,,,,,0.0,13.37,89.0,Cloudy
2021-07-10 01:05:00,,,,,,0.0,13.37,89.0,Cloudy
2021-07-10 01:10:00,,,,,,0.0,13.37,89.0,Cloudy
2021-07-10 01:15:00,,,,,,0.0,13.37,89.0,Cloudy
2021-07-10 01:20:00,,,,,,0.0,13.37,89.0,Cloudy
2021-07-10 01:25:00,,,,,,0.0,13.37,89.0,Cloudy
2021-07-10 01:30:00,,,,,,0.0,13.37,89.0,Cloudy
2021-07-10 01:35:00,,,,,,0.0,13.28666667,89.33333333,Cloudy
2021-07-10 01:40:00,,,,,,0.0,13.20333333,89.66666667,Cloudy
2021-07-10 01:45:00,,,,,,0.0,13.12,90.0,Cloudy
2021-07-10 01:50:00,,,,,,0.0,13.12,90.0,Cloudy
2021-07-10 01:55:00,,,,,,0.0,13.12,90.0,Cloudy
2021-07-10 02:00:00,,,,,,0.0,13.12,90.0,Cloudy
2021-07-10 02:05:00,,,,,,0.0,13.12,90.0,Cloudy
2021-07-10 02:10:00,,,,,,0.0,13.12,90.0,Cloudy
2021-07-10 02:15:00,,,,,,0.0,13.12,90.0,Cloudy
2021-07-10 02:20:00,,,,,,0.0,13.12,90.0,Cloudy
2021-07-10 02:25:00,,,,,,0.0,13.12,90.0,Cloudy
2021-07-10 02:30:00,,,,,,0.0,13.12,90.0,Cloudy
2021-07-10 02:35:00,,,,,,0.0,12.87,90.66666667,Cloudy
2021-07-10 02:40:00,,,,,,0.0,12.62,91.33333333,Cloudy
2021-07-10 02:45:00,,,,,,0.0,12.37,92.0,Cloudy
2021-07-10 02:50:00,,,,,,0.015633333,12.37,92.0,Cloudy
2021-07-10 02:55:00,,,,,,0.031266667000000005,12.37,92.0,Cloudy
2021-07-10 03:00:00,,,,,,0.0469,12.37,92.0,Drizzle
2021-07-10 03:05:00,,,,,,0.0469,12.37,92.0,Drizzle
2021-07-10 03:10:00,,,,,,0.0469,12.37,92.0,Drizzle
2021-07-10 03:15:00,,,,,,0.0469,12.37,92.0,Drizzle
2021-07-10 03:20:00,,,,,,0.0521,12.45333333,92.0,Drizzle
2021-07-10 03:25:00,,,,,,0.0573,12.53666667,92.0,Drizzle
2021-07-10 03:30:00,,,,,,0.0625,12.62,92.0,Drizzle
2021-07-10 03:35:00,,,,,,0.0677,12.62,92.0,Drizzle
2021-07-10 03:40:00,,,,,,0.0729,12.62,92.0,Drizzle
2021-07-10 03:45:00,,,,,,0.0781,12.62,92.0,Drizzle
2021-07-10 03:50:00,,,,,,0.0729,12.37,93.0,Drizzle
2021-07-10 03:55:00,,,,,,0.0677,12.12,94.0,Drizzle
2021-07-10 04:00:00,,,,,,0.0625,11.87,95.0,Drizzle
2021-07-10 04:05:00,,,,,,0.2448,11.87,95.0,Drizzle
2021-07-10 04:10:00,,,,,,0.4271,11.87,95.0,Drizzle
2021-07-10 04:15:00,,,,,,0.6094,11.87,95.0,Light Rain
2021-07-10 04:20:00,,,,,,0.862,11.87,95.0,Light Rain
2021-07-10 04:25:00,,,,,,1.1146,11.87,95.0,Light Rain
2021-07-10 04:30:00,,,,,,1.3672,11.87,95.0,Light Rain
2021-07-10 04:35:00,,,,,,1.6198,11.91333333,94.66666667,Light Rain
2021-07-10 04:40:00,,,,,,1.8724,11.95666667,94.33333333,Light Rain
2021-07-10 04:45:00,,,,,,2.125,12.0,94.0,Light Rain
2021-07-10 04:50:00,,,,,,1.7135333330000002,12.0,94.0,Light Rain
2021-07-10 04:55:00,,,,,,1.302066667,12.0,94.0,Light Rain
2021-07-10 05:00:00,,,,,,0.8906,12.0,94.0,Light Rain
2021-07-10 05:05:00,,,,,,0.8828,12.0,94.0,Light Rain
2021-07-10 05:10:00,,,,,,0.875,12.0,94.0,Light Rain
2021-07-10 05:15:00,,,,,,0.8672,12.0,94.0,Light Rain
2021-07-10 05:20:00,,,,,,0.737,12.0,94.0,Light Rain
2021-07-10 05:25:00,,,,,,0.6068,12.0,94.0,Light Rain
2021-07-10 05:30:00,,,,,,0.4766,12.0,94.0,Drizzle
2021-07-10 05:35:00,,,,,,0.6406666670000001,12.20666667,93.0,Drizzle
2021-07-10 05:40:00,,,,,,0.8047333329999999,12.41333333,92.0,Drizzle
2021-07-10 05:45:00,,,,,,0.9688,12.62,91.0,Light Rain
2021-07-10 05:50:00,,,,,,0.955766667,12.62,91.0,Light Rain
2021-07-10 05:55:00,,,,,,0.942733333,12.62,91.0,Light Rain
2021-07-10 06:00:00,,,,,,0.9297,12.62,91.0,Light Rain
2021-07-10 06:05:00,,,,,,0.817733333,12.58,91.0,Light Rain
2021-07-10 06:10:00,,,,,,0.705766667,12.54,91.0,Light Rain
2021-07-10 06:15:00,,,,,,0.5938,12.5,91.0,Light Rain
2021-07-10 06:20:00,,,,,,0.6615,12.5,91.0,Light Rain
2021-07-10 06:25:00,,,,,,0.7292,12.5,91.0,Light Rain
2021-07-10 06:30:00,,,,,,0.7969,12.5,91.0,Light Rain
2021-07-10 06:35:00,,,,,,0.7604333329999999,12.72666667,89.33333333,Light Rain
2021-07-10 06:40:00,,,,,,0.723966667,12.95333333,87.66666667,Light Rain
2021-07-10 06:45:00,,,,,,0.6875,13.18,86.0,Light Rain
2021-07-10 06:50:00,,,,,,0.8906333329999999,13.18,86.0,Light Rain
2021-07-10 06:55:00,,,,,,1.0937666670000001,13.18,86.0,Light Rain
2021-07-10 07:00:00,,,,,,1.2969,13.18,86.0,Light Rain
2021-07-10 07:05:00,,,,,,1.3984666669999999,13.18,86.0,Light Rain
2021-07-10 07:10:00,,,,,,1.5000333330000002,13.18,86.0,Light Rain
2021-07-10 07:15:00,,,,,,1.6016,13.18,86.0,Light Rain
2021-07-10 07:20:00,,,,,,1.7526333330000001,13.18,86.0,Light Rain
2021-07-10 07:25:00,,,,,,1.903666667,13.18,86.0,Light Rain
2021-07-10 07:30:00,,,,,,2.0547,13.18,86.0,Light Rain
2021-07-10 07:35:00,,,,,,1.976566667,13.45333333,84.66666667,Light Rain
2021-07-10 07:40:00,,,,,,1.898433333,13.72666667,83.33333333,Light Rain
2021-07-10 07:45:00,,,,,,1.8203,14.0,82.0,Light Rain
2021-07-10 07:50:00,,,,,,1.8151,14.0,82.0,Light Rain
2021-07-10 07:55:00,,,,,,1.8099,14.0,82.0,Light Rain
2021-07-10 08:00:00,,,,,,1.8047,14.0,82.0,Light Rain
2021-07-10 08:05:00,,,,,,1.9817666669999998,14.0,82.0,Light Rain
2021-07-10 08:10:00,,,,,,2.158833333,14.0,82.0,Light Rain
2021-07-10 08:15:00,,,,,,2.3359,14.0,82.0,Light Rain
2021-07-10 08:20:00,,,,,,2.2890333330000003,14.0,82.0,Light Rain
2021-07-10 08:25:00,,,,,,2.242166667,14.0,82.0,Light Rain
2021-07-10 08:30:00,,,,,,2.1953,14.0,82.0,Light Rain
2021-07-10 08:35:00,,,,,,1.5755,14.22666667,81.0,Light Rain
2021-07-10 08:40:00,,,,,,0.9557,14.45333333,80.0,Light Rain
2021-07-10 08:45:00,,,,,,0.3359,14.68,79.0,Drizzle
2021-07-10 08:50:00,,,,,,0.43746666700000003,14.68,79.0,Drizzle
2021-07-10 08:55:00,,,,,,0.539033333,14.68,79.0,Drizzle
2021-07-10 09:00:00,,,,,,0.6406,14.68,79.0,Light Rain
2021-07-10 09:05:00,,,,,,0.6432,14.68,79.0,Light Rain
2021-07-10 09:10:00,,,,,,0.6458,14.68,79.0,Light Rain
2021-07-10 09:15:00,,,,,,0.6484,14.68,79.0,Light Rain
2021-07-10 09:20:00,,,,,,0.593733333,14.74333333,78.33333333,Light Rain
2021-07-10 09:25:00,,,,,,0.539066667,14.80666667,77.66666667,Light Rain
2021-07-10 09:30:00,,,,,,0.4844,14.87,77.0,Drizzle
2021-07-10 09:35:00,,,,,,0.39323333299999996,14.87,77.0,Drizzle
2021-07-10 09:40:00,,,,,,0.302066667,14.87,77.0,Drizzle
2021-07-10 09:45:00,,,,,,0.2109,14.87,77.0,Drizzle
2021-07-10 09:50:00,,,,,,0.2109,15.12,76.0,Drizzle
2021-07-10 09:55:00,,,,,,0.2109,15.37,75.0,Drizzle
2021-07-10 10:00:00,,,,,,0.2109,15.62,74.0,Drizzle
2021-07-10 10:05:00,,,,,,0.338533333,15.62,74.0,Drizzle
2021-07-10 10:10:00,,,,,,0.46616666700000003,15.62,74.0,Drizzle
2021-07-10 10:15:00,,,,,,0.5938,15.62,74.0,Light Rain
2021-07-10 10:20:00,,,,,,0.591166667,15.62,74.0,Light Rain
2021-07-10 10:25:00,,,,,,0.588533333,15.62,74.0,Light Rain
2021-07-10 10:30:00,,,,,,0.5859,15.62,74.0,Light Rain
2021-07-10 10:35:00,,,,,,0.6354,15.68333333,74.0,Light Rain
2021-07-10 10:40:00,,,,,,0.6849,15.74666667,74.0,Light Rain
2021-07-10 10:45:00,,,,,,0.7344,15.81,74.0,Light Rain
2021-07-10 10:50:00,,,,,,0.5443,15.81,74.0,Light Rain
2021-07-10 10:55:00,,,,,,0.3542,15.81,74.0,Light Rain
2021-07-10 11:00:00,,,,,,0.1641,15.81,74.0,Drizzle
2021-07-10 11:05:00,,,,,,0.1641,15.81,74.0,Drizzle
2021-07-10 11:10:00,,,,,,0.1641,15.81,74.0,Drizzle
2021-07-10 11:15:00,,,,,,0.1641,15.81,74.0,Drizzle
2021-07-10 11:20:00,,,,,,0.1667,15.81,74.0,Drizzle
2021-07-10 11:25:00,,,,,,0.1693,15.81,74.0,Drizzle
2021-07-10 11:30:00,,,,,,0.1719,15.81,74.0,Drizzle
2021-07-10 11:35:00,,,,,,0.1693,15.97666667,74.0,Drizzle
2021-07-10 11:40:00,,,,,,0.1667,16.14333333,74.0,Drizzle
2021-07-10 11:45:00,,,,,,0.1641,16.31,74.0,Drizzle
2021-07-10 11:50:00,,,,,,0.143266667,16.31,74.0,Drizzle
2021-07-10 11:55:00,,,,,,0.122433333,16.31,74.0,Drizzle
2021-07-10 12:00:00,,,,,,0.1016,16.31,74.0,Drizzle
2021-07-10 12:05:00,,,,,,0.1042,16.14333333,74.66666667,Drizzle
2021-07-10 12:10:00,,,,,,0.1068,15.97666667,75.33333333,Drizzle
2021-07-10 12:15:00,,,,,,0.1094,15.81,76.0,Drizzle
2021-07-10 12:20:00,,,,,,0.093766667,15.81,76.0,Drizzle
2021-07-10 12:25:00,,,,,,0.078133333,15.81,76.0,Drizzle
2021-07-10 12:30:00,,,,,,0.0625,15.81,76.0,Drizzle
2021-07-10 12:35:00,,,,,,0.041666667000000004,15.93333333,76.0,Drizzle
2021-07-10 12:40:00,,,,,,0.020833333,16.05666667,76.0,Drizzle
2021-07-10 12:45:00,,,,,,0.0,16.18,76.0,Partly Cloudy
2021-07-10 12:50:00,,,,,,0.0,16.18,76.0,Partly Cloudy
2021-07-10 12:55:00,,,,,,0.0,16.18,76.0,Partly Cloudy
2021-07-10 13:00:00,,,,,,0.0,16.18,76.0,Cloudy
2021-07-10 13:05:00,,,,,,0.0,16.18,76.0,Cloudy
2021-07-10 13:10:00,,,,,,0.0,16.18,76.0,Cloudy
2021-07-10 13:15:00,,,,,,0.0,16.18,76.0,Cloudy
2021-07-10 13:20:00,,,,,,0.0,16.18,76.0,Cloudy
2021-07-10 13:25:00,,,,,,0.0,16.18,76.0,Cloudy
2021-07-10 13:30:00,,,,,,0.0,16.18,76.0,Cloudy
2021-07-10 13:35:00,,,,,,0.0,16.28666667,75.33333333,Cloudy
2021-07-10 13:40:00,,,,,,0.0,16.39333333,74.66666667,Cloudy
2021-07-10 13:45:00,,,,,,0.0,16.5,74.0,Cloudy
2021-07-10 13:50:00,,,,,,0.0,16.5,74.0,Cloudy
2021-07-10 13:55:00,,,,,,0.0,16.5,74.0,Cloudy
2021-07-10 14:00:00,,,,,,0.0,16.5,74.0,Cloudy
2021-07-10 14:05:00,,,,,,0.0,16.5,74.0,Cloudy
2021-07-10 14:10:00,,,,,,0.0,16.5,74.0,Cloudy
2021-07-10 14:15:00,,,,,,0.0,16.5,74.0,Mostly Cloudy
2021-07-10 14:20:00,,,,,,0.0,16.5,74.0,Mostly Cloudy
2021-07-10 14:25:00,,,,,,0.0,16.5,74.0,Mostly Cloudy
2021-07-10 14:30:00,,,,,,0.0,16.5,74.0,Partly Cloudy
2021-07-10 14:35:00,,,,,,0.0,16.70666667,73.33333333,Partly Cloudy
2021-07-10 14:40:00,,,,,,0.0,16.91333333,72.66666667,Partly Cloudy
2021-07-10 14:45:00,,,,,,0.0,17.12,72.0,Partly Cloudy
2021-07-10 14:50:00,,,,,,0.0,17.12,72.0,Partly Cloudy
2021-07-10 14:55:00,,,,,,0.0,17.12,72.0,Partly Cloudy
2021-07-10 15:00:00,,,,,,0.0,17.12,72.0,Partly Cloudy
2021-07-10 15:05:00,,,,,,0.0,16.87,72.66666667,Partly Cloudy
2021-07-10 15:10:00,,,,,,0.0,16.62,73.33333333,Partly Cloudy
2021-07-10 15:15:00,,,,,,0.0,16.37,74.0,Mostly Cloudy
2021-07-10 15:20:00,,,,,,0.0,16.37,74.0,Mostly Cloudy
2021-07-10 15:25:00,,,,,,0.0,16.37,74.0,Mostly Cloudy
2021-07-10 15:30:00,,,,,,0.0,16.37,74.0,Partly Cloudy
2021-07-10 15:35:00,,,,,,0.0,16.41333333,74.33333333,Partly Cloudy
2021-07-10 15:40:00,,,,,,0.0,16.45666667,74.66666667,Partly Cloudy
2021-07-10 15:45:00,,,,,,0.0,16.5,75.0,Partly Cloudy
2021-07-10 15:50:00,,,,,,0.0,16.5,75.0,Partly Cloudy
2021-07-10 15:55:00,,,,,,0.0,16.5,75.0,Partly Cloudy
2021-07-10 16:00:00,,,,,,0.0,16.5,75.0,Partly Cloudy
2021-07-10 16:05:00,,,,,,0.0,16.5,75.0,Partly Cloudy
2021-07-10 16:10:00,,,,,,0.0,16.5,75.0,Partly Cloudy
2021-07-10 16:15:00,,,,,,0.0,16.5,75.0,Mostly Cloudy
2021-07-10 16:20:00,,,,,,0.0,16.5,75.0,Mostly Cloudy
2021-07-10 16:25:00,,,,,,0.0,16.5,75.0,Mostly Cloudy
2021-07-10 16:30:00,,,,,,0.0,16.5,75.0,Mostly Cloudy
2021-07-10 16:35:00,,,,,,0.0,16.54,75.0,Mostly Cloudy
2021-07-10 16:40:00,,,,,,0.0,16.58,75.0,Mostly Cloudy
2021-07-10 16:45:00,,,,,,0.0,16.62,75.0,Partly Cloudy
2021-07-10 16:50:00,,,,,,0.0,16.62,75.0,Partly Cloudy
2021-07-10 16:55:00,,,,,,0.0,16.62,75.0,Partly Cloudy
2021-07-10 17:00:00,,,,,,0.0,16.62,75.0,Partly Cloudy
2021-07-10 17:05:00,,,,,,0.0,16.62,75.0,Partly Cloudy
2021-07-10 17:10:00,,,,,,0.0,16.62,75.0,Partly Cloudy
2021-07-10 17:15:00,,,,,,0.0,16.62,75.0,Mostly Sunny
2021-07-10 17:20:00,,,,,,0.0,16.62,75.0,Mostly Sunny
2021-07-10 17:25:00,,,,,,0.0,16.62,75.0,Mostly Sunny
2021-07-10 17:30:00,,,,,,0.0,16.62,75.0,Mostly Sunny
2021-07-10 17:35:00,,,,,,0.0,16.62,75.33333333,Mostly Sunny
2021-07-10 17:40:00,,,,,,0.0,16.62,75.66666667,Mostly Sunny
2021-07-10 17:45:00,,,,,,0.0,16.62,76.0,Partly Cloudy
2021-07-10 17:50:00,,,,,,0.0,16.62,76.0,Partly Cloudy
2021-07-10 17:55:00,,,,,,0.0,16.62,76.0,Partly Cloudy
2021-07-10 18:00:00,,,,,,0.0,16.62,76.0,Partly Cloudy
2021-07-10 18:05:00,,,,,,0.0,16.62,76.0,Partly Cloudy
2021-07-10 18:10:00,,,,,,0.0,16.62,76.0,Partly Cloudy
2021-07-10 18:15:00,,,,,,0.0,16.62,76.0,Partly Cloudy
2021-07-10 18:20:00,,,,,,0.0,16.68333333,75.66666667,Partly Cloudy
2021-07-10 18:25:00,,,,,,0.0,16.74666667,75.33333333,Partly Cloudy
2021-07-10 18:30:00,,,,,,0.0,16.81,75.0,Partly Cloudy
2021-07-10 18:35:00,,,,,,0.0,16.76666667,75.33333333,Partly Cloudy
2021-07-10 18:40:00,,,,,,0.0,16.72333333,75.66666667,Partly Cloudy
2021-07-10 18:45:00,,,,,,0.0,16.68,76.0,Mostly Sunny
2021-07-10 18:50:00,,,,,,0.0,16.68,76.0,Mostly Sunny
2021-07-10 18:55:00,,,,,,0.0,16.68,76.0,Mostly Sunny
2021-07-10 19:00:00,,,,,,0.0,16.68,76.0,Mostly Sunny
2021-07-10 19:05:00,,,,,,0.0,16.68,76.0,Mostly Sunny
2021-07-10 19:10:00,,,,,,0.0,16.68,76.0,Mostly Sunny
2021-07-10 19:15:00,,,,,,0.0,16.68,76.0,Sunny
2021-07-10 19:20:00,,,,,,0.0,16.68,76.0,Sunny
2021-07-10 19:25:00,,,,,,0.0,16.68,76.0,Sunny
2021-07-10 19:30:00,,,,,,0.0,16.68,76.0,Sunny
2021-07-10 19:35:00,,,,,,0.0,16.41,78.0,Sunny
2021-07-10 19:40:00,,,,,,0.0,16.14,80.0,Sunny
2021-07-10 19:45:00,,,,,,0.0,15.87,82.0,Sunny
2021-07-10 19:50:00,,,,,,0.0,15.87,82.0,Sunny
2021-07-10 19:55:00,,,,,,0.0,15.87,82.0,Sunny
2021-07-10 20:00:00,,,,,,0.0,15.87,82.0,Mostly Sunny
2021-07-10 20:05:00,,,,,,0.0,15.87,82.0,Mostly Sunny
2021-07-10 20:10:00,,,,,,0.0,15.87,82.0,Mostly Sunny
2021-07-10 20:15:00,,,,,,0.0,15.87,82.0,Partly Cloudy
2021-07-10 20:20:00,,,,,,0.0,15.87,82.0,Partly Cloudy
2021-07-10 20:25:00,,,,,,0.0,15.87,82.0,Partly Cloudy
2021-07-10 20:30:00,,,,,,0.0,15.87,82.0,Mostly Sunny
2021-07-10 20:35:00,,,,,,0.0,15.68333333,82.66666667,Mostly Sunny
2021-07-10 20:40:00,,,,,,0.0,15.49666667,83.33333333,Mostly Sunny
2021-07-10 20:45:00,,,,,,0.0,15.31,84.0,Mostly Sunny
2021-07-10 20:50:00,,,,,,0.0,15.31,84.0,Mostly Sunny
2021-07-10 20:55:00,,,,,,0.0,15.31,84.0,Mostly Sunny
2021-07-10 21:00:00,,,,,,0.0,15.31,84.0,Mostly Sunny
2021-07-10 21:05:00,,,,,,0.0,15.26666667,84.66666667,Mostly Sunny
2021-07-10 21:10:00,,,,,,0.0,15.22333333,85.33333333,Mostly Sunny
2021-07-10 21:15:00,,,,,,0.0,15.18,86.0,Mostly Sunny
2021-07-10 21:20:00,,,,,,0.0,15.18,86.0,Mostly Sunny
2021-07-10 21:25:00,,,,,,0.0,15.18,86.0,Mostly Sunny
2021-07-10 21:30:00,,,,,,0.0,15.18,86.0,Mostly Sunny
2021-07-10 21:35:00,,,,,,0.0,14.99333333,87.0,Mostly Sunny
2021-07-10 21:40:00,,,,,,0.0,14.80666667,88.0,Mostly Sunny
2021-07-10 21:45:00,,,,,,0.0,14.62,89.0,Sunny
2021-07-10 21:50:00,,,,,,0.0,14.62,89.0,Sunny
2021-07-10 21:55:00,,,,,,0.0,14.62,89.0,Sunny
2021-07-10 22:00:00,,,,,,0.0,14.62,89.0,Sunny
2021-07-10 22:05:00,,,,,,0.0,14.62,89.0,Sunny
2021-07-10 22:10:00,,,,,,0.0,14.62,89.0,Sunny
2021-07-10 22:15:00,,,,,,0.0,14.62,89.0,Sunny
2021-07-10 22:20:00,,,,,,0.0,14.62,89.0,Sunny
2021-07-10 22:25:00,,,,,,0.0,14.62,89.0,Sunny
2021-07-10 22:30:00,,,,,,0.0,14.62,89.0,Sunny
2021-07-10 22:35:00,,,,,,0.0,14.51666667,89.0,Sunny
2021-07-10 22:40:00,,,,,,0.0,14.41333333,89.0,Sunny
2021-07-10 22:45:00,,,,,,0.0,14.31,89.0,Mostly Sunny
2021-07-10 22:50:00,,,,,,0.0,14.31,89.0,Mostly Sunny
2021-07-10 22:55:00,,,,,,0.0,14.31,89.0,Mostly Sunny
2021-07-10 23:00:00,,,,,,0.0,14.31,89.0,Mostly Sunny
2021-07-10 23:05:00,,,,,,0.0,14.31,89.0,Mostly Sunny
2021-07-10 23:10:00,,,,,,0.0,14.31,89.0,Mostly Sunny
2021-07-10 23:15:00,,,,,,0.0,14.31,89.0,Mostly Sunny
2021-07-10 23:20:00,,,,,,0.0,14.31,89.0,Mostly Sunny
2021-07-10 23:25:00,,,,,,0.0,14.31,89.0,Mostly Sunny
2021-07-10 23:30:00,,,,,,0.0,14.31,89.0,Mostly Sunny
2021-07-10 23:35:00,,,,,,0.0,14.26666667,89.33333333,Mostly Sunny
2021-07-10 23:40:00,,,,,,0.0,14.22333333,89.66666667,Mostly Sunny
2021-07-10 23:45:00,,,,,,0.0,14.18,90.0,Mostly Sunny
2021-07-10 23:50:00,,,,,,0.0,14.18,90.0,Mostly Sunny
2021-07-10 23:55:00,,,,,,0.0,14.18,90.0,Mostly Sunny
2021-07-11 00:00:00,,,,,,0.0,14.18,90.0,Mostly Sunny
2021-07-11 00:05:00,,,,,,0.0,14.12,90.66666667,Mostly Sunny
2021-07-11 00:10:00,,,,,,0.0,14.06,91.33333333,Mostly Sunny
2021-07-11 00:15:00,,,,,,0.0,14.0,92.0,Mostly Sunny
2021-07-11 00:20:00,,,,,,0.0,14.0,92.0,Mostly Sunny
2021-07-11 00:25:00,,,,,,0.0,14.0,92.0,Mostly Sunny
2021-07-11 00:30:00,,,,,,0.0,14.0,92.0,Sunny
2021-07-11 00:35:00,,,,,,0.0,14.0,91.66666667,Sunny
2021-07-11 00:40:00,,,,,,0.0,14.0,91.33333333,Sunny
2021-07-11 00:45:00,,,,,,0.0,14.0,91.0,Sunny
2021-07-11 00:50:00,,,,,,0.0,14.0,91.0,Sunny
2021-07-11 00:55:00,,,,,,0.0,14.0,91.0,Sunny
2021-07-11 01:00:00,,,,,,0.0,14.0,91.0,Sunny
2021-07-11 01:05:00,,,,,,0.0,14.0,91.0,Sunny
2021-07-11 01:10:00,,,,,,0.0,14.0,91.0,Sunny
2021-07-11 01:15:00,,,,,,0.0,14.0,91.0,Sunny
2021-07-11 01:20:00,,,,,,0.0,14.0,91.0,Sunny
2021-07-11 01:25:00,,,,,,0.0,14.0,91.0,Sunny
2021-07-11 01:30:00,,,,,,0.0,14.0,91.0,Sunny
2021-07-11 01:35:00,,,,,,0.0,13.95666667,91.33333333,Sunny
2021-07-11 01:40:00,,,,,,0.0,13.91333333,91.66666667,Sunny
2021-07-11 01:45:00,,,,,,0.0,13.87,92.0,Sunny
2021-07-11 01:50:00,,,,,,0.0,13.87,92.0,Sunny
2021-07-11 01:55:00,,,,,,0.0,13.87,92.0,Sunny
2021-07-11 02:00:00,,,,,,0.0,13.87,92.0,Sunny
2021-07-11 02:05:00,,,,,,0.0,13.87,92.0,Sunny
2021-07-11 02:10:00,,,,,,0.0,13.87,92.0,Sunny
2021-07-11 02:15:00,,,,,,0.0,13.87,92.0,Sunny
2021-07-11 02:20:00,,,,,,0.0,13.87,92.0,Sunny
2021-07-11 02:25:00,,,,,,0.0,13.87,92.0,Sunny
2021-07-11 02:30:00,,,,,,0.0,13.87,92.0,Sunny
2021-07-11 02:35:00,,,,,,0.0,13.78666667,92.66666667,Sunny
2021-07-11 02:40:00,,,,,,0.0,13.70333333,93.33333333,Sunny
2021-07-11 02:45:00,,,,,,0.0,13.62,94.0,Mostly Sunny
2021-07-11 02:50:00,,,,,,0.0,13.62,94.0,Mostly Sunny
2021-07-11 02:55:00,,,,,,0.0,13.62,94.0,Mostly Sunny
2021-07-11 03:00:00,,,,,,0.0,13.62,94.0,Mostly Sunny
2021-07-11 03:05:00,,,,,,0.0,13.62,94.0,Mostly Sunny
2021-07-11 03:10:00,,,,,,0.0,13.62,94.0,Mostly Sunny
2021-07-11 03:15:00,,,,,,0.0,13.62,94.0,Mostly Sunny
2021-07-11 03:20:00,,,,,,0.0,13.58,94.33333333,Mostly Sunny
2021-07-11 03:25:00,,,,,,0.0,13.54,94.66666667,Mostly Sunny
2021-07-11 03:30:00,,,,,,0.0,13.5,95.0,Mostly Sunny
2021-07-11 03:35:00,,,,,,0.0,13.43666667,95.33333333,Mostly Sunny
2021-07-11 03:40:00,,,,,,0.0,13.37333333,95.66666667,Mostly Sunny
2021-07-11 03:45:00,,,,,,0.0,13.31,96.0,Sunny
2021-07-11 03:50:00,,,,,,0.0,13.31,96.0,Sunny
2021-07-11 03:55:00,,,,,,0.0,13.31,96.0,Sunny
2021-07-11 04:00:00,,,,,,0.0,13.31,96.0,Mostly Sunny
2021-07-11 04:05:00,,,,,,0.0,13.31,96.0,Mostly Sunny
2021-07-11 04:10:00,,,,,,0.0,13.31,96.0,Mostly Sunny
2021-07-11 04:15:00,,,,,,0.0,13.31,96.0,Mostly Sunny
2021-07-11 04:20:00,,,,,,0.0,13.31,96.0,Mostly Sunny
2021-07-11 04:25:00,,,,,,0.0,13.31,96.0,Mostly Sunny
2021-07-11 04:30:00,,,,,,0.0,13.31,96.0,Mostly Sunny
2021-07-11 04:35:00,,,,,,0.0,13.33,95.66666667,Mostly Sunny
2021-07-11 04:40:00,,,,,,0.0,13.35,95.33333333,Mostly Sunny
2021-07-11 04:45:00,,,,,,0.0,13.37,95.0,Sunny
2021-07-11 04:50:00,,,,,,0.0,13.37,95.0,Sunny
2021-07-11 04:55:00,,,,,,0.0,13.37,95.0,Sunny
2021-07-11 05:00:00,,,,,,0.0,13.37,95.0,Sunny
2021-07-11 05:05:00,,,,,,0.0,13.37,95.0,Sunny
2021-07-11 05:10:00,,,,,,0.0,13.37,95.0,Sunny
2021-07-11 05:15:00,,,,,,0.0,13.37,95.0,Sunny
2021-07-11 05:20:00,,,,,,0.0,13.37,95.0,Sunny
2021-07-11 05:25:00,,,,,,0.0,13.37,95.0,Sunny
2021-07-11 05:30:00,,,,,,0.0,13.37,95.0,Sunny
2021-07-11 05:35:00,,,,,,0.0,13.62,93.66666667,Sunny
2021-07-11 05:40:00,,,,,,0.0,13.87,92.33333333,Sunny
2021-07-11 05:45:00,,,,,,0.0,14.12,91.0,Sunny
2021-07-11 05:50:00,,,,,,0.0,14.12,91.0,Sunny
2021-07-11 05:55:00,,,,,,0.0,14.12,91.0,Sunny
2021-07-11 06:00:00,,,,,,0.0,14.12,91.0,Mostly Sunny
2021-07-11 06:05:00,,,,,,0.0,14.12,91.0,Mostly Sunny
2021-07-11 06:10:00,,,,,,0.0,14.12,91.0,Mostly Sunny
2021-07-11 06:15:00,,,,,,0.0,14.12,91.0,Mostly Sunny
2021-07-11 06:20:00,,,,,,0.0,14.08,91.0,Mostly Sunny
2021-07-11 06:25:00,,,,,,0.0,14.04,91.0,Mostly Sunny
2021-07-11 06:30:00,,,,,,0.0,14.0,91.0,Sunny
2021-07-11 06:35:00,,,,,,0.0,14.33333333,89.33333333,Sunny
2021-07-11 06:40:00,,,,,,0.0,14.66666667,87.66666667,Sunny
2021-07-11 06:45:00,,,,,,0.0,15.0,86.0,Mostly Cloudy
2021-07-11 06:50:00,,,,,,0.0,15.0,86.0,Mostly Cloudy
2021-07-11 06:55:00,,,,,,0.0,15.0,86.0,Mostly Cloudy
2021-07-11 07:00:00,,,,,,0.0,15.0,86.0,Mostly Sunny
2021-07-11 07:05:00,,,,,,0.0,15.0,86.0,Mostly Sunny
2021-07-11 07:10:00,,,,,,0.0,15.0,86.0,Mostly Sunny
2021-07-11 07:15:00,,,,,,0.0,15.0,86.0,Mostly Sunny
2021-07-11 07:20:00,,,,,,0.0,15.0,85.66666667,Mostly Sunny
2021-07-11 07:25:00,,,,,,0.0,15.0,85.33333333,Mostly Sunny
2021-07-11 07:30:00,,,,,,0.0,15.0,85.0,Sunny
2021-07-11 07:35:00,,,,,,0.0,15.0,85.0,Sunny
2021-07-11 07:40:00,,,,,,0.0,15.0,85.0,Sunny
2021-07-11 07:45:00,,,,,,0.0,15.0,85.0,Sunny
2021-07-11 07:50:00,,,,,,0.0,15.39333333,83.33333333,Sunny
2021-07-11 07:55:00,,,,,,0.0,15.78666667,81.66666667,Sunny
2021-07-11 08:00:00,,,,,,0.0,16.18,80.0,Sunny
2021-07-11 08:05:00,,,,,,0.0,16.18,80.0,Sunny
2021-07-11 08:10:00,,,,,,0.0,16.18,80.0,Sunny
2021-07-11 08:15:00,,,,,,0.0,16.18,80.0,Sunny
2021-07-11 08:20:00,,,,,,0.0,16.18,80.0,Sunny
2021-07-11 08:25:00,,,,,,0.0,16.18,80.0,Sunny
2021-07-11 08:30:00,,,,,,0.0,16.18,80.0,Mostly Sunny
2021-07-11 08:35:00,,,,,,0.0,16.32666667,79.33333333,Mostly Sunny
2021-07-11 08:40:00,,,,,,0.0,16.47333333,78.66666667,Mostly Sunny
2021-07-11 08:45:00,,,,,,0.0,16.62,78.0,Mostly Sunny
2021-07-11 08:50:00,,,,,,0.0,16.62,78.0,Mostly Sunny
2021-07-11 08:55:00,,,,,,0.0,16.62,78.0,Mostly Sunny
2021-07-11 09:00:00,,,,,,0.0,16.62,78.0,Mostly Sunny
2021-07-11 09:05:00,,,,,,0.0,16.58,78.33333333,Mostly Sunny
2021-07-11 09:10:00,,,,,,0.0,16.54,78.66666667,Mostly Sunny
2021-07-11 09:15:00,,,,,,0.0,16.5,79.0,Mostly Sunny
2021-07-11 09:20:00,,,,,,0.0,16.5,79.0,Mostly Sunny
2021-07-11 09:25:00,,,,,,0.0,16.5,79.0,Mostly Sunny
2021-07-11 09:30:00,,,,,,0.0,16.5,79.0,Mostly Sunny
2021-07-11 09:35:00,,,,,,0.0,16.83333333,76.33333333,Mostly Sunny
2021-07-11 09:40:00,,,,,,0.0,17.16666667,73.66666667,Mostly Sunny
2021-07-11 09:45:00,,,,,,0.0,17.5,71.0,Mostly Sunny
2021-07-11 09:50:00,,,,,,0.0,17.5,71.0,Mostly Sunny
2021-07-11 09:55:00,,,,,,0.0,17.5,71.0,Mostly Sunny
2021-07-11 10:00:00,,,,,,0.0,17.5,71.0,Mostly Sunny
2021-07-11 10:05:00,,,,,,0.0,17.5,71.0,Mostly Sunny
2021-07-11 10:10:00,,,,,,0.0,17.5,71.0,Mostly Sunny
2021-07-11 10:15:00,,,,,,0.0,17.5,71.0,Partly Cloudy
2021-07-11 10:20:00,,,,,,0.0,17.54,71.0,Partly Cloudy
2021-07-11 10:25:00,,,,,,0.0,17.58,71.0,Partly Cloudy
2021-07-11 10:30:00,,,,,,0.0,17.62,71.0,Cloudy
2021-07-11 10:35:00,,,,,,0.0,17.97333333,68.0,Cloudy
2021-07-11 10:40:00,,,,,,0.0,18.32666667,65.0,Cloudy
2021-07-11 10:45:00,,,,,,0.0,18.68,62.0,Cloudy
2021-07-11 10:50:00,,,,,,0.0,18.68,62.0,Cloudy
2021-07-11 10:55:00,,,,,,0.0,18.68,62.0,Cloudy
2021-07-11 11:00:00,,,,,,0.0,18.68,62.0,Partly Cloudy
2021-07-11 11:05:00,,,,,,0.0,18.68,62.0,Partly Cloudy
2021-07-11 11:10:00,,,,,,0.0,18.68,62.0,Partly Cloudy
2021-07-11 11:15:00,,,,,,0.0,18.68,62.0,Cloudy
2021-07-11 11:20:00,,,,,,0.0,18.68,62.0,Cloudy
2021-07-11 11:25:00,,,,,,0.0,18.68,62.0,Cloudy
2021-07-11 11:30:00,,,,,,0.0,18.68,62.0,Cloudy
2021-07-11 11:35:00,,,,,,0.0,18.84666667,61.33333333,Cloudy
2021-07-11 11:40:00,,,,,,0.0,19.01333333,60.66666667,Cloudy
2021-07-11 11:45:00,,,,,,0.0,19.18,60.0,Cloudy
2021-07-11 11:50:00,,,,,,0.0,19.18,60.0,Cloudy
2021-07-11 11:55:00,,,,,,0.0,19.18,60.0,Cloudy
2021-07-11 12:00:00,,,,,,0.0,19.18,60.0,Cloudy
2021-07-11 12:05:00,,,,,,0.0,19.16,61.0,Cloudy
2021-07-11 12:10:00,,,,,,0.0,19.14,62.0,Cloudy
2021-07-11 12:15:00,,,,,,0.0,19.12,63.0,Cloudy
2021-07-11 12:20:00,,,,,,0.0,19.12,63.0,Cloudy
2021-07-11 12:25:00,,,,,,0.0,19.12,63.0,Cloudy
2021-07-11 12:30:00,,,,,,0.0,19.12,63.0,Cloudy
2021-07-11 12:35:00,,,,,,0.0078,19.08,63.0,Cloudy
2021-07-11 12:40:00,,,,,,0.0156,19.04,63.0,Cloudy
2021-07-11 12:45:00,,,,,,0.0234,19.0,63.0,Drizzle
2021-07-11 12:50:00,,,,,,0.031233333,19.0,63.0,Drizzle
2021-07-11 12:55:00,,,,,,0.039066667,19.0,63.0,Drizzle
2021-07-11 13:00:00,,,,,,0.0469,19.0,63.0,Drizzle
2021-07-11 13:05:00,,,,,,0.125033333,19.0,63.0,Drizzle
2021-07-11 13:10:00,,,,,,0.203166667,19.0,63.0,Drizzle
2021-07-11 13:15:00,,,,,,0.2813,19.0,63.0,Drizzle
2021-07-11 13:20:00,,,,,,0.19796666699999999,19.0,63.0,Drizzle
2021-07-11 13:25:00,,,,,,0.114633333,19.0,63.0,Drizzle
2021-07-11 13:30:00,,,,,,0.0313,19.0,63.0,Drizzle
2021-07-11 13:35:00,,,,,,0.020866667,19.12333333,62.66666667,Drizzle
2021-07-11 13:40:00,,,,,,0.010433333000000001,19.24666667,62.33333333,Drizzle
2021-07-11 13:45:00,,,,,,0.0,19.37,62.0,Cloudy
2021-07-11 13:50:00,,,,,,0.0,19.37,62.0,Cloudy
2021-07-11 13:55:00,,,,,,0.0,19.37,62.0,Cloudy
2021-07-11 14:00:00,,,,,,0.0,19.37,62.0,Cloudy
2021-07-11 14:05:00,,,,,,0.0,19.37,62.0,Cloudy
2021-07-11 14:10:00,,,,,,0.0,19.37,62.0,Cloudy
2021-07-11 14:15:00,,,,,,0.0,19.37,62.0,Cloudy
2021-07-11 14:20:00,,,,,,0.031266667000000005,19.37,62.0,Cloudy
2021-07-11 14:25:00,,,,,,0.062533333,19.37,62.0,Cloudy
2021-07-11 14:30:00,,,,,,0.0938,19.37,62.0,Drizzle
2021-07-11 14:35:00,,,,,,0.083366667,19.35,62.66666667,Drizzle
2021-07-11 14:40:00,,,,,,0.072933333,19.33,63.33333333,Drizzle
2021-07-11 14:45:00,,,,,,0.0625,19.31,64.0,Drizzle
2021-07-11 14:50:00,,,,,,0.041666667000000004,19.31,64.0,Drizzle
2021-07-11 14:55:00,,,,,,0.020833333,19.31,64.0,Drizzle
2021-07-11 15:00:00,,,,,,0.0,19.31,64.0,Partly Cloudy
2021-07-11 15:05:00,,,,,,0.0,19.04,66.0,Partly Cloudy
2021-07-11 15:10:00,,,,,,0.0,18.77,68.0,Partly Cloudy
2021-07-11 15:15:00,,,,,,0.0,18.5,70.0,Mostly Cloudy
2021-07-11 15:20:00,,,,,,0.0,18.5,70.0,Mostly Cloudy
2021-07-11 15:25:00,,,,,,0.0,18.5,70.0,Mostly Cloudy
2021-07-11 15:30:00,,,,,,0.0,18.5,70.0,Cloudy
2021-07-11 15:35:00,,,,,,0.0,18.20666667,72.0,Cloudy
2021-07-11 15:40:00,,,,,,0.0,17.91333333,74.0,Cloudy
2021-07-11 15:45:00,,,,,,0.0,17.62,76.0,Cloudy
2021-07-11 15:50:00,,,,,,0.015633333,17.62,76.0,Cloudy
2021-07-11 15:55:00,,,,,,0.031266667000000005,17.62,76.0,Cloudy
2021-07-11 16:00:00,,,,,,0.0469,17.62,76.0,Drizzle
2021-07-11 16:05:00,,,,,,0.039083333,17.62,76.0,Drizzle
2021-07-11 16:10:00,,,,,,0.031266667000000005,17.62,76.0,Drizzle
2021-07-11 16:15:00,,,,,,0.02345,17.62,76.0,Cloudy
2021-07-11 16:20:00,,,,,,0.015633333,17.62,76.0,Cloudy
2021-07-11 16:25:00,,,,,,0.007816667,17.62,76.0,Cloudy
2021-07-11 16:30:00,,,,,,0.0,17.62,76.0,Cloudy
2021-07-11 16:35:00,,,,,,0.0,17.47333333,76.33333333,Cloudy
2021-07-11 16:40:00,,,,,,0.0,17.32666667,76.66666667,Cloudy
2021-07-11 16:45:00,,,,,,0.0,17.18,77.0,Cloudy
2021-07-11 16:50:00,,,,,,0.0,17.18,77.0,Cloudy
2021-07-11 16:55:00,,,,,,0.0,17.18,77.0,Cloudy
2021-07-11 17:00:00,,,,,,0.0,17.18,77.0,Cloudy
2021-07-11 17:05:00,,,,,,0.041666667000000004,17.18,77.0,Cloudy
2021-07-11 17:10:00,,,,,,0.083333333,17.18,77.0,Cloudy
2021-07-11 17:15:00,,,,,,0.125,17.18,77.0,Drizzle
2021-07-11 17:20:00,,,,,,0.1276,17.18,77.0,Drizzle
2021-07-11 17:25:00,,,,,,0.1302,17.18,77.0,Drizzle
2021-07-11 17:30:00,,,,,,0.1328,17.18,77.0,Drizzle
2021-07-11 17:35:00,,,,,,0.3151,16.84666667,79.33333333,Drizzle
2021-07-11 17:40:00,,,,,,0.4974,16.51333333,81.66666667,Drizzle
2021-07-11 17:45:00,,,,,,0.6797,16.18,84.0,Light Rain
2021-07-11 17:50:00,,,,,,0.5729333329999999,16.18,84.0,Light Rain
2021-07-11 17:55:00,,,,,,0.46616666700000003,16.18,84.0,Light Rain
2021-07-11 18:00:00,,,,,,0.3594,16.18,84.0,Drizzle
2021-07-11 18:05:00,,,,,,0.28126666699999997,16.18,84.0,Drizzle
2021-07-11 18:10:00,,,,,,0.203133333,16.18,84.0,Drizzle
2021-07-11 18:15:00,,,,,,0.125,16.18,84.0,Drizzle
2021-07-11 18:20:00,,,,,,0.140633333,16.22333333,83.66666667,Drizzle
2021-07-11 18:25:00,,,,,,0.156266667,16.26666667,83.33333333,Drizzle
2021-07-11 18:30:00,,,,,,0.1719,16.31,83.0,Drizzle
2021-07-11 18:35:00,,,,,,0.312533333,15.97666667,85.0,Drizzle
2021-07-11 18:40:00,,,,,,0.453166667,15.64333333,87.0,Drizzle
2021-07-11 18:45:00,,,,,,0.5938,15.31,89.0,Light Rain
2021-07-11 18:50:00,,,,,,0.835966667,15.31,89.0,Light Rain
2021-07-11 18:55:00,,,,,,1.078133333,15.31,89.0,Light Rain
2021-07-11 19:00:00,,,,,,1.3203,15.31,89.0,Light Rain
2021-07-11 19:05:00,,,,,,1.408833333,15.31,89.0,Light Rain
2021-07-11 19:10:00,,,,,,1.4973666669999999,15.31,89.0,Light Rain
2021-07-11 19:15:00,,,,,,1.5859,15.31,89.0,Light Rain
2021-07-11 19:20:00,,,,,,1.338533333,15.31,89.0,Light Rain
2021-07-11 19:25:00,,,,,,1.091166667,15.31,89.0,Light Rain
2021-07-11 19:30:00,,,,,,0.8438,15.31,89.0,Light Rain
2021-07-11 19:35:00,,,,,,0.570333333,15.16333333,89.0,Light Rain
2021-07-11 19:40:00,,,,,,0.296866667,15.01666667,89.0,Light Rain
2021-07-11 19:45:00,,,,,,0.0234,14.87,89.0,Drizzle
2021-07-11 19:50:00,,,,,,0.0156,14.87,89.33333333,Drizzle
2021-07-11 19:55:00,,,,,,0.0078,14.87,89.66666667,Drizzle
2021-07-11 20:00:00,,,,,,0.0,14.87,90.0,Mostly Cloudy
2021-07-11 20:05:00,,,,,,0.0078,14.87,90.0,Mostly Cloudy
2021-07-11 20:10:00,,,,,,0.0156,14.87,90.0,Mostly Cloudy
2021-07-11 20:15:00,,,,,,0.0234,14.87,90.0,Drizzle
2021-07-11 20:20:00,,,,,,0.026033333,14.87,90.0,Drizzle
2021-07-11 20:25:00,,,,,,0.028666667000000003,14.87,90.0,Drizzle
2021-07-11 20:30:00,,,,,,0.0313,14.87,90.0,Drizzle
2021-07-11 20:35:00,,,,,,0.020866667,14.74666667,91.0,Drizzle
2021-07-11 20:40:00,,,,,,0.010433333000000001,14.62333333,92.0,Drizzle
2021-07-11 20:45:00,,,,,,0.0,14.5,93.0,Partly Cloudy
2021-07-11 20:50:00,,,,,,0.0,14.5,93.0,Partly Cloudy
2021-07-11 20:55:00,,,,,,0.0,14.5,93.0,Partly Cloudy
2021-07-11 21:00:00,,,,,,0.0,14.5,93.0,Partly Cloudy
2021-07-11 21:05:00,,,,,,0.0,14.60333333,92.66666667,Partly Cloudy
2021-07-11 21:10:00,,,,,,0.0,14.70666667,92.33333333,Partly Cloudy
2021-07-11 21:15:00,,,,,,0.0,14.81,92.0,Mostly Sunny
2021-07-11 21:20:00,,,,,,0.0,14.81,92.0,Mostly Sunny
2021-07-11 21:25:00,,,,,,0.0,14.81,92.0,Mostly Sunny
2021-07-11 21:30:00,,,,,,0.0,14.81,92.0,Partly Cloudy
2021-07-11 21:35:00,,,,,,0.0,14.70666667,92.66666667,Partly Cloudy
2021-07-11 21:40:00,,,,,,0.0,14.60333333,93.33333333,Partly Cloudy
2021-07-11 21:45:00,,,,,,0.0,14.5,94.0,Mostly Sunny
2021-07-11 21:50:00,,,,,,0.0,14.5,94.0,Mostly Sunny
2021-07-11 21:55:00,,,,,,0.0,14.5,94.0,Mostly Sunny
2021-07-11 22:00:00,,,,,,0.0,14.5,94.0,Mostly Sunny
2021-07-11 22:05:00,,,,,,0.0,14.5,94.0,Mostly Sunny
2021-07-11 22:10:00,,,,,,0.0,14.5,94.0,Mostly Sunny
2021-07-11 22:15:00,,,,,,0.0,14.5,94.0,Mostly Cloudy
2021-07-11 22:20:00,,,,,,0.0,14.5,94.0,Mostly Cloudy
2021-07-11 22:25:00,,,,,,0.0,14.5,94.0,Mostly Cloudy
2021-07-11 22:30:00,,,,,,0.0,14.5,94.0,Cloudy
2021-07-11 22:35:00,,,,,,0.0052,14.45666667,94.0,Cloudy
2021-07-11 22:40:00,,,,,,0.0104,14.41333333,94.0,Cloudy
2021-07-11 22:45:00,,,,,,0.0156,14.37,94.0,Drizzle
2021-07-11 22:50:00,,,,,,0.031233333,14.37,94.0,Drizzle
2021-07-11 22:55:00,,,,,,0.046866667,14.37,94.0,Drizzle
2021-07-11 23:00:00,,,,,,0.0625,14.37,94.0,Drizzle
2021-07-11 23:05:00,,,,,,0.078133333,14.35,94.33333333,Drizzle
2021-07-11 23:10:00,,,,,,0.093766667,14.33,94.66666667,Drizzle
2021-07-11 23:15:00,,,,,,0.1094,14.31,95.0,Drizzle
2021-07-11 23:20:00,,,,,,0.1068,14.31,95.0,Drizzle
2021-07-11 23:25:00,,,,,,0.1042,14.31,95.0,Drizzle
2021-07-11 23:30:00,,,,,,0.1016,14.31,95.0,Drizzle
2021-07-11 23:35:00,,,,,,0.1042,14.26666667,95.0,Drizzle
2021-07-11 23:40:00,,,,,,0.1068,14.22333333,95.0,Drizzle
2021-07-11 23:45:00,,,,,,0.1094,14.18,95.0,Drizzle
2021-07-11 23:50:00,,,,,,0.200533333,14.18,95.0,Drizzle
2021-07-11 23:55:00,,,,,,0.291666667,14.18,95.0,Drizzle
2021-07-12 00:00:00,,,,,,0.3828,14.18,95.0,Drizzle
2021-07-12 00:05:00,,,,,,0.40883333299999997,14.18,95.33333333,Drizzle
2021-07-12 00:10:00,,,,,,0.43486666700000004,14.18,95.66666667,Drizzle
2021-07-12 00:15:00,,,,,,0.4609,14.18,96.0,Drizzle
2021-07-12 00:20:00,,,,,,0.5025666670000001,14.18,96.0,Drizzle
2021-07-12 00:25:00,,,,,,0.544233333,14.18,96.0,Drizzle
2021-07-12 00:30:00,,,,,,0.5859,14.18,96.0,Light Rain
2021-07-12 00:35:00,,,,,,0.429666667,14.16,96.0,Light Rain
2021-07-12 00:40:00,,,,,,0.273433333,14.14,96.0,Light Rain
2021-07-12 00:45:00,,,,,,0.1172,14.12,96.0,Drizzle
2021-07-12 00:50:00,,,,,,0.13543333300000002,14.12,96.0,Drizzle
2021-07-12 00:55:00,,,,,,0.15366666699999998,14.12,96.0,Drizzle
2021-07-12 01:00:00,,,,,,0.1719,14.12,96.0,Drizzle
2021-07-12 01:05:00,,,,,,0.252633333,14.12,96.0,Drizzle
2021-07-12 01:10:00,,,,,,0.333366667,14.12,96.0,Drizzle
2021-07-12 01:15:00,,,,,,0.4141,14.12,96.0,Drizzle
2021-07-12 01:20:00,,,,,,0.432333333,14.12,96.0,Drizzle
2021-07-12 01:25:00,,,,,,0.45056666700000003,14.12,96.0,Drizzle
2021-07-12 01:30:00,,,,,,0.4688,14.12,96.0,Drizzle
2021-07-12 01:35:00,,,,,,0.432333333,14.14,96.0,Drizzle
2021-07-12 01:40:00,,,,,,0.395866667,14.16,96.0,Drizzle
2021-07-12 01:45:00,,,,,,0.3594,14.18,96.0,Drizzle
2021-07-12 01:50:00,,,,,,0.39063333299999997,14.18,96.0,Drizzle
2021-07-12 01:55:00,,,,,,0.42186666700000003,14.18,96.0,Drizzle
2021-07-12 02:00:00,,,,,,0.4531,14.18,96.0,Drizzle
2021-07-12 02:05:00,,,,,,0.559866667,14.18,96.0,Drizzle
2021-07-12 02:10:00,,,,,,0.6666333329999999,14.18,96.0,Drizzle
2021-07-12 02:15:00,,,,,,0.7734,14.18,96.0,Light Rain
2021-07-12 02:20:00,,,,,,0.8150666670000001,14.18,96.0,Light Rain
2021-07-12 02:25:00,,,,,,0.856733333,14.18,96.0,Light Rain
2021-07-12 02:30:00,,,,,,0.8984,14.18,96.0,Light Rain
2021-07-12 02:35:00,,,,,,0.9791333329999999,14.12,95.33333333,Light Rain
2021-07-12 02:40:00,,,,,,1.059866667,14.06,94.66666667,Light Rain
2021-07-12 02:45:00,,,,,,1.1406,14.0,94.0,Light Rain
2021-07-12 02:50:00,,,,,,1.4166666669999999,14.0,94.0,Light Rain
2021-07-12 02:55:00,,,,,,1.692733333,14.0,94.0,Light Rain
2021-07-12 03:00:00,,,,,,1.9688,14.0,94.0,Light Rain
2021-07-12 03:05:00,,,,,,2.00135,14.0,94.33333333,Light Rain
2021-07-12 03:10:00,,,,,,2.0339,14.0,94.66666667,Light Rain
2021-07-12 03:15:00,,,,,,2.06645,14.0,95.0,Light Rain
2021-07-12 03:20:00,,,,,,2.099,14.0,95.0,Light Rain
2021-07-12 03:25:00,,,,,,2.13155,14.0,95.0,Light Rain
2021-07-12 03:30:00,,,,,,2.1641,14.0,95.0,Light Rain
2021-07-12 03:35:00,,,,,,1.6588666669999999,13.93666667,95.0,Light Rain
2021-07-12 03:40:00,,,,,,1.153633333,13.87333333,95.0,Light Rain
2021-07-12 03:45:00,,,,,,0.6484,13.81,95.0,Light Rain
2021-07-12 03:50:00,,,,,,0.664033333,13.81,95.0,Light Rain
2021-07-12 03:55:00,,,,,,0.679666667,13.81,95.0,Light Rain
2021-07-12 04:00:00,,,,,,0.6953,13.81,95.0,Light Rain
2021-07-12 04:05:00,,,,,,0.8138,13.81,95.0,Light Rain
2021-07-12 04:10:00,,,,,,0.9323,13.81,95.0,Light Rain
2021-07-12 04:15:00,,,,,,1.0508,13.81,95.0,Light Rain
2021-07-12 04:20:00,,,,,,1.1693,13.81,95.0,Light Rain
2021-07-12 04:25:00,,,,,,1.2878,13.81,95.0,Light Rain
2021-07-12 04:30:00,,,,,,1.4063,13.81,95.0,Light Rain
2021-07-12 04:35:00,,,,,,1.4766,13.81,95.0,Light Rain
2021-07-12 04:40:00,,,,,,1.5469,13.81,95.0,Light Rain
2021-07-12 04:45:00,,,,,,1.6172,13.81,95.0,Light Rain
2021-07-12 04:50:00,,,,,,1.7083333330000001,13.81,95.0,Light Rain
2021-07-12 04:55:00,,,,,,1.799466667,13.81,95.0,Light Rain
2021-07-12 05:00:00,,,,,,1.8906,13.81,95.0,Light Rain
2021-07-12 05:05:00,,,,,,1.7604,13.81,95.0,Light Rain
2021-07-12 05:10:00,,,,,,1.6302,13.81,95.0,Light Rain
2021-07-12 05:15:00,,,,,,1.5,13.81,95.0,Light Rain
2021-07-12 05:20:00,,,,,,1.6536333330000001,13.81,95.0,Light Rain
2021-07-12 05:25:00,,,,,,1.807266667,13.81,95.0,Light Rain
2021-07-12 05:30:00,,,,,,1.9609,13.81,95.0,Light Rain
2021-07-12 05:35:00,,,,,,1.486966667,13.87333333,95.0,Light Rain
2021-07-12 05:40:00,,,,,,1.0130333329999999,13.93666667,95.0,Light Rain
2021-07-12 05:45:00,,,,,,0.5391,14.0,95.0,Light Rain
2021-07-12 05:50:00,,,,,,0.434933333,14.0,95.0,Light Rain
2021-07-12 05:55:00,,,,,,0.330766667,14.0,95.0,Light Rain
2021-07-12 06:00:00,,,,,,0.2266,14.0,95.0,Drizzle
2021-07-12 06:05:00,,,,,,0.184933333,14.0,95.0,Drizzle
2021-07-12 06:10:00,,,,,,0.143266667,14.0,95.0,Drizzle
2021-07-12 06:15:00,,,,,,0.1016,14.0,95.0,Drizzle
2021-07-12 06:20:00,,,,,,0.09636666699999999,13.95666667,95.33333333,Drizzle
2021-07-12 06:25:00,,,,,,0.09113333300000001,13.91333333,95.66666667,Drizzle
2021-07-12 06:30:00,,,,,,0.0859,13.87,96.0,Drizzle
2021-07-12 06:35:00,,,,,,0.093733333,13.97333333,95.33333333,Drizzle
2021-07-12 06:40:00,,,,,,0.101566667,14.07666667,94.66666667,Drizzle
2021-07-12 06:45:00,,,,,,0.1094,14.18,94.0,Drizzle
2021-07-12 06:50:00,,,,,,0.093766667,14.18,94.0,Drizzle
2021-07-12 06:55:00,,,,,,0.078133333,14.18,94.0,Drizzle
2021-07-12 07:00:00,,,,,,0.0625,14.18,94.0,Drizzle
2021-07-12 07:05:00,,,,,,0.10936666699999999,14.18,94.0,Drizzle
2021-07-12 07:10:00,,,,,,0.156233333,14.18,94.0,Drizzle
2021-07-12 07:15:00,,,,,,0.2031,14.18,94.0,Drizzle
2021-07-12 07:20:00,,,,,,0.216133333,14.18,94.0,Drizzle
2021-07-12 07:25:00,,,,,,0.229166667,14.18,94.0,Drizzle
2021-07-12 07:30:00,,,,,,0.2422,14.18,94.0,Drizzle
2021-07-12 07:35:00,,,,,,0.195333333,14.34666667,93.0,Drizzle
2021-07-12 07:40:00,,,,,,0.148466667,14.51333333,92.0,Drizzle
2021-07-12 07:45:00,,,,,,0.1016,14.68,91.0,Drizzle
2021-07-12 07:50:00,,,,,,0.072933333,14.68,91.0,Drizzle
2021-07-12 07:55:00,,,,,,0.044266667,14.68,91.0,Drizzle
2021-07-12 08:00:00,,,,,,0.0156,14.68,91.0,Drizzle
2021-07-12 08:05:00,,,,,,0.0104,14.68,91.0,Drizzle
2021-07-12 08:10:00,,,,,,0.0052,14.68,91.0,Drizzle
2021-07-12 08:15:00,,,,,,0.0,14.68,91.0,Cloudy
2021-07-12 08:20:00,,,,,,0.0052,14.68,91.0,Cloudy
2021-07-12 08:25:00,,,,,,0.0104,14.68,91.0,Cloudy
2021-07-12 08:30:00,,,,,,0.0156,14.68,91.0,Drizzle
2021-07-12 08:35:00,,,,,,0.031233333,14.68,91.0,Drizzle
2021-07-12 08:40:00,,,,,,0.046866667,14.68,91.0,Drizzle
2021-07-12 08:45:00,,,,,,0.0625,14.68,91.0,Drizzle
2021-07-12 08:50:00,,,,,,0.10936666699999999,14.84666667,90.0,Drizzle
2021-07-12 08:55:00,,,,,,0.156233333,15.01333333,89.0,Drizzle
2021-07-12 09:00:00,,,,,,0.2031,15.18,88.0,Drizzle
2021-07-12 09:05:00,,,,,,0.36976666700000005,15.18,88.0,Drizzle
2021-07-12 09:10:00,,,,,,0.536433333,15.18,88.0,Drizzle
2021-07-12 09:15:00,,,,,,0.7031,15.18,88.0,Light Rain
2021-07-12 09:20:00,,,,,,1.3281,15.18,88.0,Light Rain
2021-07-12 09:25:00,,,,,,1.9531,15.18,88.0,Light Rain
2021-07-12 09:30:00,,,,,,2.5781,15.18,88.0,Rain
2021-07-12 09:35:00,,,,,,2.166666667,15.18,88.0,Rain
2021-07-12 09:40:00,,,,,,1.755233333,15.18,88.0,Rain
2021-07-12 09:45:00,,,,,,1.3438,15.18,88.0,Light Rain
2021-07-12 09:50:00,,,,,,1.2969,15.18,88.0,Light Rain
2021-07-12 09:55:00,,,,,,1.25,15.18,88.0,Light Rain
2021-07-12 10:00:00,,,,,,1.2031,15.18,88.0,Light Rain
2021-07-12 10:05:00,,,,,,0.9505,15.49333333,86.66666667,Light Rain
2021-07-12 10:10:00,,,,,,0.6979,15.80666667,85.33333333,Light Rain
2021-07-12 10:15:00,,,,,,0.4453,16.12,84.0,Drizzle
2021-07-12 10:20:00,,,,,,0.296866667,16.12,84.0,Drizzle
2021-07-12 10:25:00,,,,,,0.148433333,16.12,84.0,Drizzle
2021-07-12 10:30:00,,,,,,0.0,16.12,84.0,Mostly Sunny
2021-07-12 10:35:00,,,,,,0.0,16.35,82.33333333,Mostly Sunny
2021-07-12 10:40:00,,,,,,0.0,16.58,80.66666667,Mostly Sunny
2021-07-12 10:45:00,,,,,,0.0,16.81,79.0,Partly Cloudy
2021-07-12 10:50:00,,,,,,0.0,16.81,79.0,Partly Cloudy
2021-07-12 10:55:00,,,,,,0.0,16.81,79.0,Partly Cloudy
2021-07-12 11:00:00,,,,,,0.0,16.81,79.0,Mostly Sunny
2021-07-12 11:05:00,,,,,,0.0,16.81,79.0,Mostly Sunny
2021-07-12 11:10:00,,,,,,0.0,16.81,79.0,Mostly Sunny
2021-07-12 11:15:00,,,,,,0.0,16.81,79.0,Mostly Sunny
2021-07-12 11:20:00,,,,,,0.0,16.81,79.0,Mostly Sunny
2021-07-12 11:25:00,,,,,,0.0,16.81,79.0,Mostly Sunny
2021-07-12 11:30:00,,,,,,0.0,16.81,79.0,Partly Cloudy
2021-07-12 11:35:00,,,,,,0.0,16.97666667,78.33333333,Partly Cloudy
2021-07-12 11:40:00,,,,,,0.0,17.14333333,77.66666667,Partly Cloudy
2021-07-12 11:45:00,,,,,,0.0,17.31,77.0,Mostly Sunny
2021-07-12 11:50:00,,,,,,0.0,17.31,77.0,Mostly Sunny
2021-07-12 11:55:00,,,,,,0.0,17.31,77.0,Mostly Sunny
2021-07-12 12:00:00,,,,,,0.0,17.31,77.0,Mostly Sunny
2021-07-12 12:05:00,,,,,,0.0,17.37333333,76.33333333,Mostly Sunny
2021-07-12 12:10:00,,,,,,0.0,17.43666667,75.66666667,Mostly Sunny
2021-07-12 12:15:00,,,,,,0.0,17.5,75.0,Mostly Sunny
2021-07-12 12:20:00,,,,,,0.0,17.5,75.0,Mostly Sunny
2021-07-12 12:25:00,,,,,,0.0,17.5,75.0,Mostly Sunny
2021-07-12 12:30:00,,,,,,0.0,17.5,75.0,Mostly Sunny
2021-07-12 12:35:00,,,,,,0.0,17.60333333,74.33333333,Mostly Sunny
2021-07-12 12:40:00,,,,,,0.0,17.70666667,73.66666667,Mostly Sunny
2021-07-12 12:45:00,,,,,,0.0,17.81,73.0,Partly Cloudy
2021-07-12 12:50:00,,,,,,0.0,17.81,73.0,Partly Cloudy
2021-07-12 12:55:00,,,,,,0.0,17.81,73.0,Partly Cloudy
2021-07-12 13:00:00,,,,,,0.0,17.81,73.0,Mostly Sunny
2021-07-12 13:05:00,,,,,,0.0,17.81,73.0,Mostly Sunny
2021-07-12 13:10:00,,,,,,0.0,17.81,73.0,Mostly Sunny
2021-07-12 13:15:00,,,,,,0.0,17.81,73.0,Mostly Cloudy
2021-07-12 13:20:00,,,,,,0.0,17.81,72.66666667,Mostly Cloudy
2021-07-12 13:25:00,,,,,,0.0,17.81,72.33333333,Mostly Cloudy
2021-07-12 13:30:00,,,,,,0.0,17.81,72.0,Partly Cloudy
2021-07-12 13:35:00,,,,,,0.0,17.87333333,71.66666667,Partly Cloudy
2021-07-12 13:40:00,,,,,,0.0,17.93666667,71.33333333,Partly Cloudy
2021-07-12 13:45:00,,,,,,0.0,18.0,71.0,Partly Cloudy
2021-07-12 13:50:00,,,,,,0.0,18.0,71.0,Partly Cloudy
2021-07-12 13:55:00,,,,,,0.0,18.0,71.0,Partly Cloudy
2021-07-12 14:00:00,,,,,,0.0,18.0,71.0,Partly Cloudy
2021-07-12 14:05:00,,,,,,0.0,18.0,71.0,Partly Cloudy
2021-07-12 14:10:00,,,,,,0.0,18.0,71.0,Partly Cloudy
2021-07-12 14:15:00,,,,,,0.0,18.0,71.0,Partly Cloudy
2021-07-12 14:20:00,,,,,,0.0,18.04,71.0,Partly Cloudy
2021-07-12 14:25:00,,,,,,0.0,18.08,71.0,Partly Cloudy
2021-07-12 14:30:00,,,,,,0.0,18.12,71.0,Partly Cloudy
2021-07-12 14:35:00,,,,,,0.0,18.12,71.33333333,Partly Cloudy
2021-07-12 14:40:00,,,,,,0.0,18.12,71.66666667,Partly Cloudy
2021-07-12 14:45:00,,,,,,0.0,18.12,72.0,Partly Cloudy
2021-07-12 14:50:00,,,,,,0.0,18.12,72.0,Partly Cloudy
2021-07-12 14:55:00,,,,,,0.0,18.12,72.0,Partly Cloudy
2021-07-12 15:00:00,,,,,,0.0,18.12,72.0,Mostly Sunny
2021-07-12 15:05:00,,,,,,0.0,18.12,72.0,Mostly Sunny
2021-07-12 15:10:00,,,,,,0.0,18.12,72.0,Mostly Sunny
2021-07-12 15:15:00,,,,,,0.0,18.12,72.0,Mostly Sunny
2021-07-12 15:20:00,,,,,,0.0,18.12,72.0,Mostly Sunny
2021-07-12 15:25:00,,,,,,0.0,18.12,72.0,Mostly Sunny
2021-07-12 15:30:00,,,,,,0.0,18.12,72.0,Mostly Sunny
2021-07-12 15:35:00,,,,,,0.033866667,18.30666667,71.0,Mostly Sunny
2021-07-12 15:40:00,,,,,,0.06773333299999999,18.49333333,70.0,Mostly Sunny
2021-07-12 15:45:00,,,,,,0.1016,18.68,69.0,Drizzle
2021-07-12 15:50:00,,,,,,0.083366667,18.68,69.0,Drizzle
2021-07-12 15:55:00,,,,,,0.065133333,18.68,69.0,Drizzle
2021-07-12 16:00:00,,,,,,0.0469,18.68,69.0,Drizzle
2021-07-12 16:05:00,,,,,,0.0469,18.68,69.0,Drizzle
2021-07-12 16:10:00,,,,,,0.0469,18.68,69.0,Drizzle
2021-07-12 16:15:00,,,,,,0.0469,18.68,69.0,Drizzle
2021-07-12 16:20:00,,,,,,0.031266667000000005,18.68,69.0,Drizzle
2021-07-12 16:25:00,,,,,,0.015633333,18.68,69.0,Drizzle
2021-07-12 16:30:00,,,,,,0.0,18.68,69.0,Mostly Cloudy
2021-07-12 16:35:00,,,,,,0.0,18.66,69.33333333,Mostly Cloudy
2021-07-12 16:40:00,,,,,,0.0,18.64,69.66666667,Mostly Cloudy
2021-07-12 16:45:00,,,,,,0.0,18.62,70.0,Partly Cloudy
2021-07-12 16:50:00,,,,,,0.0,18.62,70.0,Partly Cloudy
2021-07-12 16:55:00,,,,,,0.0,18.62,70.0,Partly Cloudy
2021-07-12 17:00:00,,,,,,0.0,18.62,70.0,Partly Cloudy
2021-07-12 17:05:00,,,,,,0.0,18.62,70.0,Partly Cloudy
2021-07-12 17:10:00,,,,,,0.0,18.62,70.0,Partly Cloudy
2021-07-12 17:15:00,,,,,,0.0,18.62,70.0,Mostly Cloudy
2021-07-12 17:20:00,,,,,,0.0,18.62,70.0,Mostly Cloudy
2021-07-12 17:25:00,,,,,,0.0,18.62,70.0,Mostly Cloudy
2021-07-12 17:30:00,,,,,,0.0,18.62,70.0,Cloudy
2021-07-12 17:35:00,,,,,,0.0,18.47333333,71.0,Cloudy
2021-07-12 17:40:00,,,,,,0.0,18.32666667,72.0,Cloudy
2021-07-12 17:45:00,,,,,,0.0,18.18,73.0,Cloudy
2021-07-12 17:50:00,,,,,,0.0078,18.18,73.0,Cloudy
2021-07-12 17:55:00,,,,,,0.0156,18.18,73.0,Cloudy
2021-07-12 18:00:00,,,,,,0.0234,18.18,73.0,Drizzle
2021-07-12 18:05:00,,,,,,0.026033333,18.16,73.33333333,Drizzle
2021-07-12 18:10:00,,,,,,0.028666667000000003,18.14,73.66666667,Drizzle
2021-07-12 18:15:00,,,,,,0.0313,18.12,74.0,Drizzle
2021-07-12 18:20:00,,,,,,0.020866667,18.12,74.0,Drizzle
2021-07-12 18:25:00,,,,,,0.010433333000000001,18.12,74.0,Drizzle
2021-07-12 18:30:00,,,,,,0.0,18.12,74.0,Partly Cloudy
2021-07-12 18:35:00,,,,,,0.010433333000000001,17.95333333,75.66666667,Partly Cloudy
2021-07-12 18:40:00,,,,,,0.020866667,17.78666667,77.33333333,Partly Cloudy
2021-07-12 18:45:00,,,,,,0.0313,17.62,79.0,Drizzle
2021-07-12 18:50:00,,,,,,0.0313,17.62,79.0,Drizzle
2021-07-12 18:55:00,,,,,,0.0313,17.62,79.0,Drizzle
2021-07-12 19:00:00,,,,,,0.0313,17.62,79.0,Drizzle
2021-07-12 19:05:00,,,,,,0.020866667,17.62,79.0,Drizzle
2021-07-12 19:10:00,,,,,,0.010433333000000001,17.62,79.0,Drizzle
2021-07-12 19:15:00,,,,,,0.0,17.62,79.0,Partly Cloudy
2021-07-12 19:20:00,,,,,,0.0,17.62,79.0,Partly Cloudy
2021-07-12 19:25:00,,,,,,0.0,17.62,79.0,Partly Cloudy
2021-07-12 19:30:00,,,,,,0.0,17.62,79.0,Partly Cloudy
2021-07-12 19:35:00,,,,,,0.0,17.45333333,79.33333333,Partly Cloudy
2021-07-12 19:40:00,,,,,,0.0,17.28666667,79.66666667,Partly Cloudy
2021-07-12 19:45:00,,,,,,0.0,17.12,80.0,Mostly Cloudy
2021-07-12 19:50:00,,,,,,0.0,17.12,80.0,Mostly Cloudy
2021-07-12 19:55:00,,,,,,0.0,17.12,80.0,Mostly Cloudy
2021-07-12 20:00:00,,,,,,0.0,17.12,80.0,Mostly Cloudy
2021-07-12 20:05:00,,,,,,0.0,17.12,80.0,Mostly Cloudy
2021-07-12 20:10:00,,,,,,0.0,17.12,80.0,Mostly Cloudy
2021-07-12 20:15:00,,,,,,0.0,17.12,80.0,Cloudy
2021-07-12 20:20:00,,,,,,0.0,17.12,80.0,Cloudy
2021-07-12 20:25:00,,,,,,0.0,17.12,80.0,Cloudy
2021-07-12 20:30:00,,,,,,0.0,17.12,80.0,Cloudy
2021-07-12 20:35:00,,,,,,0.0,16.91333333,80.66666667,Cloudy
2021-07-12 20:40:00,,,,,,0.0,16.70666667,81.33333333,Cloudy
2021-07-12 20:45:00,,,,,,0.0,16.5,82.0,Cloudy
2021-07-12 20:50:00,,,,,,0.0,16.5,82.0,Cloudy
2021-07-12 20:55:00,,,,,,0.0,16.5,82.0,Cloudy
2021-07-12 21:00:00,,,,,,0.0,16.5,82.0,Cloudy
2021-07-12 21:05:00,,,,,,0.0,16.43666667,82.33333333,Cloudy
2021-07-12 21:10:00,,,,,,0.0,16.37333333,82.66666667,Cloudy
2021-07-12 21:15:00,,,,,,0.0,16.31,83.0,Cloudy
2021-07-12 21:20:00,,,,,,0.0,16.31,83.0,Cloudy
2021-07-12 21:25:00,,,,,,0.0,16.31,83.0,Cloudy
2021-07-12 21:30:00,,,,,,0.0,16.31,83.0,Partly Cloudy
2021-07-12 21:35:00,,,,,,0.0,16.1,84.66666667,Partly Cloudy
2021-07-12 21:40:00,,,,,,0.0,15.89,86.33333333,Partly Cloudy
2021-07-12 21:45:00,,,,,,0.0,15.68,88.0,Mostly Sunny
2021-07-12 21:50:00,,,,,,0.0,15.68,88.0,Mostly Sunny
2021-07-12 21:55:00,,,,,,0.0,15.68,88.0,Mostly Sunny
2021-07-12 22:00:00,,,,,,0.0,15.68,88.0,Sunny
2021-07-12 22:05:00,,,,,,0.0,15.68,88.0,Sunny
2021-07-12 22:10:00,,,,,,0.0,15.68,88.0,Sunny
2021-07-12 22:15:00,,,,,,0.0,15.68,88.0,Mostly Sunny
2021-07-12 22:20:00,,,,,,0.0,15.68,88.0,Mostly Sunny
2021-07-12 22:25:00,,,,,,0.0,15.68,88.0,Mostly Sunny
2021-07-12 22:30:00,,,,,,0.0,15.68,88.0,Mostly Sunny
2021-07-12 22:35:00,,,,,,0.0,15.41,89.66666667,Mostly Sunny
2021-07-12 22:40:00,,,,,,0.0,15.14,91.33333333,Mostly Sunny
2021-07-12 22:45:00,,,,,,0.0,14.87,93.0,Mostly Sunny
2021-07-12 22:50:00,,,,,,0.0,14.87,93.0,Mostly Sunny
2021-07-12 22:55:00,,,,,,0.0,14.87,93.0,Mostly Sunny
2021-07-12 23:00:00,,,,,,0.0,14.87,93.0,Mostly Sunny
2021-07-12 23:05:00,,,,,,0.0,14.87,93.0,Mostly Sunny
2021-07-12 23:10:00,,,,,,0.0,14.87,93.0,Mostly Sunny
2021-07-12 23:15:00,,,,,,0.0,14.87,93.0,Mostly Sunny
2021-07-12 23:20:00,,,,,,0.0,14.87,93.0,Mostly Sunny
2021-07-12 23:25:00,,,,,,0.0,14.87,93.0,Mostly Sunny
2021-07-12 23:30:00,,,,,,0.0,14.87,93.0,Partly Cloudy
2021-07-12 23:35:00,,,,,,0.0,14.68333333,93.0,Partly Cloudy
2021-07-12 23:40:00,,,,,,0.0,14.49666667,93.0,Partly Cloudy
2021-07-12 23:45:00,,,,,,0.0,14.31,93.0,Mostly Sunny
2021-07-12 23:50:00,,,,,,0.0,14.31,93.0,Mostly Sunny
2021-07-12 23:55:00,,,,,,0.0,14.31,93.0,Mostly Sunny
2021-07-13 00:00:00,,,,,,0.0,14.31,93.0,Mostly Sunny
2021-07-13 00:05:00,,,,,,0.0,14.37333333,93.0,Mostly Sunny
2021-07-13 00:10:00,,,,,,0.0,14.43666667,93.0,Mostly Sunny
2021-07-13 00:15:00,,,,,,0.0,14.5,93.0,Mostly Sunny
2021-07-13 00:20:00,,,,,,0.0,14.5,93.0,Mostly Sunny
2021-07-13 00:25:00,,,,,,0.0,14.5,93.0,Mostly Sunny
2021-07-13 00:30:00,,,,,,0.0,14.5,93.0,Mostly Sunny
2021-07-13 00:35:00,,,,,,0.0,14.33333333,93.66666667,Mostly Sunny
2021-07-13 00:40:00,,,,,,0.0,14.16666667,94.33333333,Mostly Sunny
2021-07-13 00:45:00,,,,,,0.0,14.0,95.0,Mostly Sunny
2021-07-13 00:50:00,,,,,,0.0,14.0,95.0,Mostly Sunny
2021-07-13 00:55:00,,,,,,0.0,14.0,95.0,Mostly Sunny
2021-07-13 01:00:00,,,,,,0.0,14.0,95.0,Sunny
2021-07-13 01:05:00,,,,,,0.0,14.0,95.0,Sunny
2021-07-13 01:10:00,,,,,,0.0,14.0,95.0,Sunny
2021-07-13 01:15:00,,,,,,0.0,14.0,95.0,Sunny
2021-07-13 01:20:00,,,,,,0.0,14.0,95.0,Sunny
2021-07-13 01:25:00,,,,,,0.0,14.0,95.0,Sunny
2021-07-13 01:30:00,,,,,,0.0,14.0,95.0,Sunny
2021-07-13 01:35:00,,,,,,0.0,13.87333333,95.33333333,Sunny
2021-07-13 01:40:00,,,,,,0.0,13.74666667,95.66666667,Sunny
2021-07-13 01:45:00,,,,,,0.0,13.62,96.0,Sunny
2021-07-13 01:50:00,,,,,,0.0,13.62,96.0,Sunny
2021-07-13 01:55:00,,,,,,0.0,13.62,96.0,Sunny
2021-07-13 02:00:00,,,,,,0.0,13.62,96.0,Sunny
2021-07-13 02:05:00,,,,,,0.0,13.62,96.0,Sunny
2021-07-13 02:10:00,,,,,,0.0,13.62,96.0,Sunny
2021-07-13 02:15:00,,,,,,0.0,13.62,96.0,Sunny
2021-07-13 02:20:00,,,,,,0.0,13.62,96.0,Sunny
2021-07-13 02:25:00,,,,,,0.0,13.62,96.0,Sunny
2021-07-13 02:30:00,,,,,,0.0,13.62,96.0,Sunny
2021-07-13 02:35:00,,,,,,0.0,13.62,96.0,Sunny
2021-07-13 02:40:00,,,,,,0.0,13.62,96.0,Sunny
2021-07-13 02:45:00,,,,,,0.0,13.62,96.0,Sunny
2021-07-13 02:50:00,,,,,,0.0,13.51666667,96.33333333,Sunny
2021-07-13 02:55:00,,,,,,0.0,13.41333333,96.66666667,Sunny
2021-07-13 03:00:00,,,,,,0.0,13.31,97.0,Sunny
2021-07-13 03:05:00,,,,,,0.0,13.43333333,97.0,Sunny
2021-07-13 03:10:00,,,,,,0.0,13.55666667,97.0,Sunny
2021-07-13 03:15:00,,,,,,0.0,13.68,97.0,Sunny
2021-07-13 03:20:00,,,,,,0.0,13.68,97.0,Sunny
2021-07-13 03:25:00,,,,,,0.0,13.68,97.0,Sunny
2021-07-13 03:30:00,,,,,,0.0,13.68,97.0,Sunny
2021-07-13 03:35:00,,,,,,0.0,13.68,97.33333333,Sunny
2021-07-13 03:40:00,,,,,,0.0,13.68,97.66666667,Sunny
2021-07-13 03:45:00,,,,,,0.0,13.68,98.0,Sunny
2021-07-13 03:50:00,,,,,,0.0,13.68,98.0,Sunny
2021-07-13 03:55:00,,,,,,0.0,13.68,98.0,Sunny
2021-07-13 04:00:00,,,,,,0.0,13.68,98.0,Sunny
2021-07-13 04:05:00,,,,,,0.0,13.68,98.0,Sunny
2021-07-13 04:10:00,,,,,,0.0,13.68,98.0,Sunny
2021-07-13 04:15:00,,,,,,0.0,13.68,98.0,Sunny
2021-07-13 04:20:00,,,,,,0.0,13.68,98.0,Sunny
2021-07-13 04:25:00,,,,,,0.0,13.68,98.0,Sunny
2021-07-13 04:30:00,,,,,,0.0,13.68,98.0,Sunny
2021-07-13 04:35:00,,,,,,0.0,13.72333333,97.66666667,Sunny
2021-07-13 04:40:00,,,,,,0.0,13.76666667,97.33333333,Sunny
2021-07-13 04:45:00,,,,,,0.0,13.81,97.0,Sunny
2021-07-13 04:50:00,,,,,,0.0,13.81,97.0,Sunny
2021-07-13 04:55:00,,,,,,0.0,13.81,97.0,Sunny
2021-07-13 05:00:00,,,,,,0.0,13.81,97.0,Sunny
2021-07-13 05:05:00,,,,,,0.0,13.81,97.0,Sunny
2021-07-13 05:10:00,,,,,,0.0,13.81,97.0,Sunny
2021-07-13 05:15:00,,,,,,0.0,13.81,97.0,Sunny
2021-07-13 05:20:00,,,,,,0.0,13.81,97.0,Sunny
2021-07-13 05:25:00,,,,,,0.0,13.81,97.0,Sunny
2021-07-13 05:30:00,,,,,,0.0,13.81,97.0,Sunny
2021-07-13 05:35:00,,,,,,0.0,14.14,95.99,Sunny
2021-07-13 05:40:00,,,,,,0.0,14.47,94.98,Sunny
2021-07-13 05:45:00,,,,,,0.0,14.8,93.97,Sunny
2021-07-13 05:50:00,,,,,,0.0,14.80333333,93.98,Sunny
2021-07-13 05:55:00,,,,,,0.0,14.80666667,93.99,Sunny
2021-07-13 06:00:00,,,,,,0.0,14.81,94.0,Sunny
2021-07-13 06:05:00,,,,,,0.0,14.76666667,93.66666667,Sunny
2021-07-13 06:10:00,,,,,,0.0,14.72333333,93.33333333,Sunny
2021-07-13 06:15:00,,,,,,0.0,14.68,93.0,Mostly Sunny
2021-07-13 06:20:00,,,,,,0.0,14.68,93.0,Mostly Sunny
2021-07-13 06:25:00,,,,,,0.0,14.68,93.0,Mostly Sunny
2021-07-13 06:30:00,,,,,,0.0,14.68,93.0,Mostly Sunny
2021-07-13 06:35:00,,,,,,0.0,15.07666667,91.0,Mostly Sunny
2021-07-13 06:40:00,,,,,,0.0,15.47333333,89.0,Mostly Sunny
2021-07-13 06:45:00,,,,,,0.0,15.87,87.0,Mostly Sunny
2021-07-13 06:50:00,,,,,,0.0,15.87,87.0,Mostly Sunny
2021-07-13 06:55:00,,,,,,0.0,15.87,87.0,Mostly Sunny
2021-07-13 07:00:00,,,,,,0.0,15.87,87.0,Mostly Sunny
2021-07-13 07:05:00,,,,,,0.0,15.87,87.0,Mostly Sunny
2021-07-13 07:10:00,,,,,,0.0,15.87,87.0,Mostly Sunny
2021-07-13 07:15:00,,,,,,0.0,15.87,87.0,Partly Cloudy
2021-07-13 07:20:00,,,,,,0.0,15.87,87.0,Partly Cloudy
2021-07-13 07:25:00,,,,,,0.0,15.87,87.0,Partly Cloudy
2021-07-13 07:30:00,,,,,,0.0,15.87,87.0,Partly Cloudy
2021-07-13 07:35:00,,,,,,0.0,16.18333333,85.0,Partly Cloudy
2021-07-13 07:40:00,,,,,,0.0,16.49666667,83.0,Partly Cloudy
2021-07-13 07:45:00,,,,,,0.0,16.81,81.0,Partly Cloudy
2021-07-13 07:50:00,,,,,,0.0,16.81,81.0,Partly Cloudy
2021-07-13 07:55:00,,,,,,0.0,16.81,81.0,Partly Cloudy
2021-07-13 08:00:00,,,,,,0.0,16.81,81.0,Mostly Sunny
2021-07-13 08:05:00,,,,,,0.0,16.81,81.0,Mostly Sunny
2021-07-13 08:10:00,,,,,,0.0,16.81,81.0,Mostly Sunny
2021-07-13 08:15:00,,,,,,0.0,16.81,81.0,Mostly Sunny
2021-07-13 08:20:00,,,,,,0.0,16.81,81.0,Mostly Sunny
2021-07-13 08:25:00,,,,,,0.0,16.81,81.0,Mostly Sunny
2021-07-13 08:30:00,,,,,,0.0,16.81,81.0,Mostly Sunny
2021-07-13 08:35:00,,,,,,0.0,16.99666667,80.66666667,Mostly Sunny
2021-07-13 08:40:00,,,,,,0.0,17.18333333,80.33333333,Mostly Sunny
2021-07-13 08:45:00,,,,,,0.0,17.37,80.0,Mostly Sunny
2021-07-13 08:50:00,,,,,,0.0,17.37,80.0,Mostly Sunny
2021-07-13 08:55:00,,,,,,0.0,17.37,80.0,Mostly Sunny
2021-07-13 09:00:00,,,,,,0.0,17.37,80.0,Mostly Sunny
2021-07-13 09:05:00,,,,,,0.0,17.41333333,80.33333333,Mostly Sunny
2021-07-13 09:10:00,,,,,,0.0,17.45666667,80.66666667,Mostly Sunny
2021-07-13 09:15:00,,,,,,0.0,17.5,81.0,Mostly Sunny
2021-07-13 09:20:00,,,,,,0.0,17.5,81.0,Mostly Sunny
2021-07-13 09:25:00,,,,,,0.0,17.5,81.0,Mostly Sunny
2021-07-13 09:30:00,,,,,,0.0,17.5,81.0,Mostly Sunny
2021-07-13 09:35:00,,,,,,0.0,17.83333333,78.66666667,Mostly Sunny
2021-07-13 09:40:00,,,,,,0.0,18.16666667,76.33333333,Mostly Sunny
2021-07-13 09:45:00,,,,,,0.0,18.5,74.0,Mostly Sunny
2021-07-13 09:50:00,,,,,,0.0,18.5,74.0,Mostly Sunny
2021-07-13 09:55:00,,,,,,0.0,18.5,74.0,Mostly Sunny
2021-07-13 10:00:00,,,,,,0.0,18.5,74.0,Mostly Sunny
2021-07-13 10:05:00,,,,,,0.0,18.5,74.0,Mostly Sunny
2021-07-13 10:10:00,,,,,,0.0,18.5,74.0,Mostly Sunny
2021-07-13 10:15:00,,,,,,0.0,18.5,74.0,Mostly Sunny
2021-07-13 10:20:00,,,,,,0.0,18.5,74.0,Mostly Sunny
2021-07-13 10:25:00,,,,,,0.0,18.5,74.0,Mostly Sunny
2021-07-13 10:30:00,,,,,,0.0,18.5,74.0,Partly Cloudy
2021-07-13 10:35:00,,,,,,0.0,18.70666667,73.0,Partly Cloudy
2021-07-13 10:40:00,,,,,,0.0,18.91333333,72.0,Partly Cloudy
2021-07-13 10:45:00,,,,,,0.0,19.12,71.0,Partly Cloudy
2021-07-13 10:50:00,,,,,,0.0,19.12,71.0,Partly Cloudy
lr_15min,lr,15.0,0.004629787463536733,0.04600379668724708,0.8604385860740608,,,,
lr_30min,lr,30.0,0.005088395253037605,0.04893395778577572,0.845004613348847,,,,
lr_5min,lr,5.0,0.0028325437230293984,0.03323791585825686,0.9147170731159923,,,,
lr_60min,lr,60.0,0.005688980542134652,0.05144193424857883,0.8234712973965563,,,,
lstm_15min,lstm,15.0,0.004654467415489811,0.046018184820589815,0.8584992868582919,,,,
lstm_30min,lstm,30.0,0.00525627555801177,0.05019116116238255,0.8455248267985592,,,,
lstm_5min,lstm,5.0,0.003039253149007042,0.03651018937150206,0.9085286107793594,,,,
lstm_60min,lstm,60.0,0.005429234426941463,0.050151852573097004,0.8318707764141047,,,,
tgcn_15min,tgcn,15.0,0.004589890749446723,0.04730319779912933,0.8612634203811751,,,,
tgcn_30min,tgcn,30.0,0.004733562529618112,0.04769381049034912,0.8578163825412503,,,,
tgcn_5min,tgcn,5.0,0.0028000888729964642,0.03572778730728362,0.9167359549927696,,,,
tgcn_60min,tgcn,60.0,0.005298537211085706,0.04973125798016549,0.8389262027113157,,,,
tgcn_wx_15min,tgcn-wx,15.0,0.004564078197488599,0.04714579029460456,0.8641360640408275,,,,
tgcn_wx_30min,tgcn-wx,30.0,0.004829954343393904,0.04722480534269728,0.8550015447559179,,,,
tgcn_wx_5min,tgcn-wx,5.0,0.0029247217895337217,0.03518433343163174,0.9123682663020937,,,,
tgcn_wx_60min,tgcn-wx,60.0,0.005288426128362568,0.04962819835127285,0.8411698251844795,,,,
